{"cities": [{"name":"Luján de Cuyo","population":243834,"area":547029.39},
{"name":"Sobreira","population":856598,"area":322737.31},
{"name":"Pavia","population":254824,"area":647114.67},
{"name":"Mutang","population":178883,"area":536468.47},
{"name":"Mengcheng Chengguanzhen","population":870411,"area":704202.85},
{"name":"Chacapalpa","population":370420,"area":954148.78},
{"name":"Shiyuetian","population":270077,"area":463302.39},
{"name":"Dairiti","population":447556,"area":763039.3},
{"name":"Shigou","population":64493,"area":89386.6},
{"name":"Kralupy nad Vltavou","population":86022,"area":272956.18},
{"name":"Lamadelaine","population":999764,"area":551792.52},
{"name":"Shilaoren","population":549448,"area":120848.64},
{"name":"Alderetes","population":765331,"area":240172.56},
{"name":"Daugavpils","population":434310,"area":395329.39},
{"name":"Hexiangqiao","population":347385,"area":322663.21},
{"name":"Gambang","population":543699,"area":948365.79},
{"name":"Lazurne","population":838460,"area":576287.96},
{"name":"Parfino","population":74384,"area":835304.61},
{"name":"Codajás","population":592502,"area":227644.62},
{"name":"Nazran’","population":501587,"area":522476.25},
{"name":"Sakhnīn","population":694570,"area":386751.49},
{"name":"Real","population":199218,"area":223203.39},
{"name":"Qingfenglin","population":795744,"area":454690.8},
{"name":"Monte Carmelo","population":168077,"area":963359.13},
{"name":"Mitrofanovka","population":284494,"area":786246.76},
{"name":"Svay Rieng","population":182866,"area":349773.99},
{"name":"Morelos","population":359321,"area":655081.41},
{"name":"Berlin","population":743058,"area":903285.14},
{"name":"Tramandaí","population":145379,"area":796831.94},
{"name":"Tekik Wetan","population":723244,"area":162324.23},
{"name":"Eger","population":237250,"area":36634.26},
{"name":"La Calera","population":691690,"area":181046.48},
{"name":"Polyarnyy","population":80521,"area":790013.29},
{"name":"Sarāvān","population":218409,"area":240092.05},
{"name":"Santa Barbara","population":621863,"area":561006.01},
{"name":"Pakenjeng","population":989341,"area":349157.99},
{"name":"Plandi","population":498375,"area":913811.08},
{"name":"Huasahuasi","population":167982,"area":549538.99},
{"name":"São Luís do Quitunde","population":440829,"area":580829.8},
{"name":"Łomianki","population":94416,"area":443284.38},
{"name":"Freiburg im Breisgau","population":658268,"area":127169.02},
{"name":"Higashine","population":890504,"area":748605.13},
{"name":"Ljusdal","population":172863,"area":811831.54},
{"name":"Chuqui Chuqui","population":635498,"area":46540.19},
{"name":"Honghua’erji","population":484829,"area":677683.09},
{"name":"Umeå","population":284737,"area":538319.64},
{"name":"Gremyachinsk","population":438791,"area":176748.06},
{"name":"Bayuin","population":818171,"area":605309.73},
{"name":"Kuantan","population":255101,"area":41090.8},
{"name":"Bangan-Oda","population":617347,"area":610289.05},
{"name":"Suruhan","population":74584,"area":580786.2},
{"name":"Santiago","population":300751,"area":363759.66},
{"name":"Bahāwalnagar","population":355701,"area":155637.01},
{"name":"Degeberga","population":177859,"area":760024.75},
{"name":"Miragoâne","population":907748,"area":738218.25},
{"name":"Catania","population":38570,"area":622733.61},
{"name":"Olyka","population":932139,"area":326194.76},
{"name":"Diavatá","population":305363,"area":266091.94},
{"name":"Tílisos","population":853861,"area":531260.5},
{"name":"Ganjaran","population":524429,"area":664048.29},
{"name":"Asahi","population":168315,"area":354866.81},
{"name":"Quetta","population":699230,"area":967375.79},
{"name":"Härnösand","population":149459,"area":847228.05},
{"name":"Toguchin","population":280297,"area":96087.95},
{"name":"Tobi Village","population":858224,"area":412283.94},
{"name":"Nnewi","population":212997,"area":855684.83},
{"name":"Żelistrzewo","population":497601,"area":408734.29},
{"name":"Zhongshan Donglu","population":226674,"area":934537.91},
{"name":"San Isidro","population":200172,"area":173312.62},
{"name":"Kawungsari","population":531784,"area":656474.21},
{"name":"Rizokárpaso","population":411495,"area":558355.14},
{"name":"São Miguel","population":813682,"area":212007.5},
{"name":"Tonghae","population":811359,"area":120373.58},
{"name":"Qing’an","population":275334,"area":877467.23},
{"name":"Vale","population":557139,"area":541640.94},
{"name":"Kayakent","population":16671,"area":45769.55},
{"name":"Neiafu","population":696231,"area":518689.36},
{"name":"Eindhoven","population":235247,"area":33074.24},
{"name":"Radocza","population":463912,"area":124957.52},
{"name":"Senangkhanikhom","population":399142,"area":285807.61},
{"name":"Sapu Padidu","population":967117,"area":563519.05},
{"name":"Strážnice","population":426873,"area":161194.16},
{"name":"Panzhuang","population":250269,"area":113953.75},
{"name":"Long Beach","population":107729,"area":840212.74},
{"name":"Solo","population":503731,"area":663574.77},
{"name":"Mīzan Teferī","population":634586,"area":812216.71},
{"name":"Bộc Bố","population":660753,"area":819615.76},
{"name":"Picton","population":805363,"area":807091.46},
{"name":"Cipicung","population":843019,"area":679330.27},
{"name":"Mopti","population":981181,"area":628479.5},
{"name":"Honolulu","population":280504,"area":170683.57},
{"name":"Stoczek Łukowski","population":290700,"area":700197.02},
{"name":"Kanazawa-shi","population":315066,"area":331862.01},
{"name":"Tiedonglu","population":324415,"area":163771.2},
{"name":"Stonewall","population":355114,"area":388784.53},
{"name":"Sirinhaém","population":109730,"area":198783.05},
{"name":"Périgueux","population":254594,"area":691707.93},
{"name":"Stakhanov","population":593614,"area":716167.81},
{"name":"Limoeiro do Norte","population":431652,"area":44147.48},
{"name":"Khon Buri","population":352006,"area":216290.69},
{"name":"Ystad","population":702910,"area":891558.34},
{"name":"Jincheng","population":10826,"area":512899.51},
{"name":"San Fernando","population":280113,"area":961559.74},
{"name":"Rūdiškės","population":235355,"area":917304.22},
{"name":"Chaguaní","population":190555,"area":390420.6},
{"name":"Jaworzyna Śląska","population":680239,"area":221364.2},
{"name":"Niedzica","population":3446,"area":838541.44},
{"name":"Shuangbaiyang","population":239174,"area":815648.45},
{"name":"Pakapasan Girang","population":979931,"area":259948.23},
{"name":"Tuchengzi","population":274005,"area":509116.81},
{"name":"Fengpo","population":6293,"area":96495.26},
{"name":"Charopó","population":665510,"area":355078.08},
{"name":"Carlsbad","population":232300,"area":546789.21},
{"name":"Minglanilla","population":988973,"area":206563.4},
{"name":"Ōme","population":219852,"area":131226.3},
{"name":"Linjiang","population":593053,"area":676747.99},
{"name":"Santa Luċija","population":46348,"area":674641.98},
{"name":"Infantas","population":178790,"area":687354.87},
{"name":"Carvalhal","population":107859,"area":235658.49},
{"name":"Skara","population":756251,"area":319684.13},
{"name":"Jalālpur","population":376367,"area":397727.75},
{"name":"Āsmār","population":784573,"area":424013.16},
{"name":"Tinogasta","population":75203,"area":195260.47},
{"name":"Tiandian","population":292484,"area":922911.33},
{"name":"Silao","population":74589,"area":471363.99},
{"name":"Chiriguaná","population":126948,"area":472794.78},
{"name":"Carusucan","population":555324,"area":748617.23},
{"name":"Labège","population":899856,"area":584441.28},
{"name":"Sofiyivka","population":95188,"area":352808.4},
{"name":"Woloara","population":112556,"area":286246.73},
{"name":"Ake-Eze","population":187885,"area":571532.45},
{"name":"Bethel Town","population":44641,"area":930940.2},
{"name":"San Marcos","population":611153,"area":179755.93},
{"name":"Saint-Sauveur","population":155358,"area":214707.25},
{"name":"Osielsko","population":543658,"area":932388.17},
{"name":"Horad Barysaw","population":321314,"area":820173.5},
{"name":"Thung Khru","population":754124,"area":547058.85},
{"name":"Bokani","population":195810,"area":855125.59},
{"name":"Hiratsuka","population":322767,"area":820326.14},
{"name":"Gorzów Wielkopolski","population":370752,"area":357481.56},
{"name":"Dresden","population":780958,"area":730280.74},
{"name":"Oslo","population":303787,"area":952284.96},
{"name":"Orlândia","population":731343,"area":803358.04},
{"name":"Karangtengah","population":565280,"area":497647.88},
{"name":"Khlung","population":463449,"area":710596.98},
{"name":"Ibadan","population":206703,"area":914958.37},
{"name":"Rosario","population":206770,"area":69810.44},
{"name":"Thị Trấn Nho Quan","population":470295,"area":645067.82},
{"name":"Florencio Sánchez","population":339428,"area":735108.57},
{"name":"Lalig","population":634882,"area":151460.79},
{"name":"Sępopol","population":852866,"area":862355.91},
{"name":"Tierp","population":634643,"area":113505.02},
{"name":"Dayuanhuizu","population":556531,"area":464701.59},
{"name":"North Bay","population":761315,"area":273658.77},
{"name":"Seattle","population":129026,"area":290062.27},
{"name":"Agkathiá","population":615106,"area":154077.11},
{"name":"København","population":275363,"area":232288.12},
{"name":"Xaçmaz","population":152011,"area":621746.99},
{"name":"Pereslavl’-Zalesskiy","population":246589,"area":829689.14},
{"name":"Sitampiky","population":496923,"area":533183.38},
{"name":"Carcassonne","population":71633,"area":472101.33},
{"name":"Yong’an","population":781125,"area":99011.81},
{"name":"Sioux Falls","population":724702,"area":405101.32},
{"name":"Brijest","population":546442,"area":661445.35},
{"name":"Laidian","population":811468,"area":340301.76},
{"name":"Pendolo","population":370603,"area":71428.46},
{"name":"Laško","population":883724,"area":994449.99},
{"name":"Maniwaki","population":126243,"area":213138.96},
{"name":"Jilib","population":671662,"area":465546.68},
{"name":"Camino Real","population":517376,"area":540436.56},
{"name":"Pelem","population":471193,"area":564945.89},
{"name":"Ubay","population":860355,"area":714887.44},
{"name":"Socabaya","population":581343,"area":391314.5},
{"name":"Opatówek","population":29925,"area":981813.46},
{"name":"Inuvik","population":903432,"area":701240.5},
{"name":"Níkaia","population":926552,"area":236282.16},
{"name":"Ratoath","population":20025,"area":556937.48},
{"name":"Stronie","population":754326,"area":439754.35},
{"name":"Curiapo","population":274459,"area":916340.75},
{"name":"Coruripe","population":824474,"area":74113.71},
{"name":"Xiaohe","population":340151,"area":521017.54},
{"name":"Río Sereno","population":490621,"area":353541.21},
{"name":"Sabanagrande","population":773775,"area":860911.46},
{"name":"Arendal","population":124381,"area":441251.64},
{"name":"Doko","population":547312,"area":132963.17},
{"name":"Whitegate","population":12851,"area":983908.16},
{"name":"Yushugou","population":501475,"area":512963.05},
{"name":"Rokytnice","population":67873,"area":837967.87},
{"name":"Lapai","population":196794,"area":633478.52},
{"name":"Plesná","population":856951,"area":489167.14},
{"name":"Bom Jesus dos Perdões","population":447461,"area":957867.25},
{"name":"Cihaur","population":563122,"area":336964.63},
{"name":"Aubervilliers","population":465195,"area":443239.99},
{"name":"Kacha","population":794963,"area":853798.5},
{"name":"Canoas","population":877074,"area":232550.32},
{"name":"Verba","population":239733,"area":363127.74},
{"name":"Hengli","population":757282,"area":744005.11},
{"name":"Sillamäe","population":867766,"area":247495.92},
{"name":"Chợ Mới","population":978305,"area":684445.32},
{"name":"Nan","population":390696,"area":598300.77},
{"name":"Sarov","population":949847,"area":283185.14},
{"name":"Ziftá","population":989321,"area":883445.06},
{"name":"Miasskoye","population":790089,"area":259571.06},
{"name":"Rautalampi","population":661832,"area":716513.65},
{"name":"Lyon","population":172393,"area":86747.06},
{"name":"Labrador","population":638607,"area":232966.39},
{"name":"Taiyuan","population":792102,"area":163480.61},
{"name":"Nang Rong","population":760908,"area":606383.6},
{"name":"Vynohradove","population":753729,"area":244580.88},
{"name":"Duntou","population":733484,"area":495017.15},
{"name":"Beaverton","population":805155,"area":683577.74},
{"name":"San Javier","population":809313,"area":692594.19},
{"name":"Haibara","population":873405,"area":870927.37},
{"name":"Santa Fe","population":77156,"area":529594.94},
{"name":"Zhuanqukou","population":594288,"area":767687.74},
{"name":"Bintuni","population":402904,"area":405046.17},
{"name":"Kuala Lumpur","population":919348,"area":452426.6},
{"name":"Binafun","population":449013,"area":833492.48},
{"name":"Nyūzen","population":40933,"area":194926.91},
{"name":"Changgang","population":438809,"area":854350.24},
{"name":"Nanyuan","population":769411,"area":542878.06},
{"name":"Akat Amnuai","population":64795,"area":629733.18},
{"name":"Mocupe","population":170832,"area":460371.9},
{"name":"Bandera","population":621026,"area":317593.42},
{"name":"Malabang","population":550076,"area":252177.08},
{"name":"Al Azraq ash Shamālī","population":917801,"area":737502.15},
{"name":"Kidatu","population":227066,"area":857951.56},
{"name":"Shuanglong","population":719302,"area":40597.67},
{"name":"Queimados","population":508560,"area":284179.86},
{"name":"Murganhal","population":865377,"area":952282.62},
{"name":"Gempolan Wetan","population":831461,"area":145394.85},
{"name":"Guzhuyingzi","population":186155,"area":370867.49},
{"name":"Esmeraldas","population":408967,"area":572889.29},
{"name":"Sambong","population":139334,"area":239432.86},
{"name":"Pingxi","population":257007,"area":483808.24},
{"name":"Marseille","population":24633,"area":871448.18},
{"name":"Daxin","population":187164,"area":903358.27},
{"name":"Paris La Défense","population":131320,"area":110800.26},
{"name":"El Jícaro","population":454632,"area":878604.04},
{"name":"Stobreč","population":337588,"area":294434.83},
{"name":"Wulong","population":847400,"area":905223.53},
{"name":"Qian’an","population":424682,"area":466096.41},
{"name":"Jeleuk","population":799379,"area":53131.91},
{"name":"Sanqishi","population":592734,"area":406983.07},
{"name":"Inđija","population":845426,"area":683091.5},
{"name":"Žďár nad Sázavou Druhy","population":876517,"area":582470.0},
{"name":"Penteado","population":608669,"area":252597.06},
{"name":"København","population":727686,"area":194770.35},
{"name":"Tabivere","population":133103,"area":554123.66},
{"name":"Siraway","population":884657,"area":716107.74},
{"name":"Sann","population":97432,"area":158827.09},
{"name":"Horka nad Moravou","population":338087,"area":70056.46},
{"name":"San Juan del Surutú","population":909873,"area":900855.43},
{"name":"Chepo","population":141621,"area":957685.62},
{"name":"Joroan","population":456722,"area":844548.82},
{"name":"Kembangarum","population":28114,"area":115879.37},
{"name":"Badong","population":722957,"area":977001.79},
{"name":"Huaqiao","population":268634,"area":160295.78},
{"name":"Montijo","population":407779,"area":360739.25},
{"name":"Gaoqiao","population":570301,"area":279219.19},
{"name":"Umeå","population":470145,"area":267625.5},
{"name":"Pandian","population":380017,"area":110009.19},
{"name":"Huai’an","population":717361,"area":412088.69},
{"name":"Wangchang","population":318312,"area":173609.45},
{"name":"Venezia","population":595090,"area":251453.69},
{"name":"Capellanía","population":383741,"area":997713.77},
{"name":"Zaleszany","population":679935,"area":976398.58},
{"name":"Candi","population":873545,"area":386087.29},
{"name":"Huancheng","population":142664,"area":373777.22},
{"name":"Khirbat Tīn Nūr","population":123321,"area":864419.19},
{"name":"Cagmanaba","population":825877,"area":246589.6},
{"name":"Lélouma","population":749596,"area":73247.83},
{"name":"Arklow","population":316280,"area":525994.41},
{"name":"Abraham’s Bay","population":79938,"area":240528.98},
{"name":"Aldeia da Mata","population":807067,"area":603491.08},
{"name":"Guangli","population":541453,"area":825645.99},
{"name":"Dajabón","population":707453,"area":627116.8},
{"name":"Ríohacha","population":700006,"area":830357.31},
{"name":"Senhor do Bonfim","population":158685,"area":236073.43},
{"name":"Peterhof","population":226253,"area":422698.64},
{"name":"Rufino","population":936246,"area":207184.8},
{"name":"Cereté","population":674387,"area":455890.78},
{"name":"Jiḩānah","population":646637,"area":153948.45},
{"name":"Yunhe","population":275954,"area":666158.17},
{"name":"Oslo","population":934249,"area":429279.59},
{"name":"Inriville","population":268036,"area":390130.63},
{"name":"Pulian","population":309709,"area":808375.22},
{"name":"Rancho Viejo","population":38271,"area":907766.53},
{"name":"Venëv","population":813173,"area":325383.17},
{"name":"Yisa","population":219079,"area":643718.12},
{"name":"Kamieniec","population":167100,"area":870235.3},
{"name":"Baro","population":741417,"area":293532.08},
{"name":"Untolovo","population":328309,"area":745176.74},
{"name":"Głuchów","population":223202,"area":560527.08},
{"name":"Jankomir","population":775668,"area":204835.8},
{"name":"Shamva","population":406685,"area":694722.59},
{"name":"Pingshi","population":686945,"area":415726.15},
{"name":"Dengteke","population":445566,"area":873123.84},
{"name":"Ngrejo","population":475353,"area":505016.95},
{"name":"Comitancillo","population":373745,"area":392663.82},
{"name":"Antananarivo","population":952384,"area":837824.58},
{"name":"Kobleve","population":758247,"area":241111.66},
{"name":"Bulod","population":869269,"area":884830.53},
{"name":"Hveragerði","population":456870,"area":318389.55},
{"name":"Hot","population":790730,"area":574734.89},
{"name":"Maniwaki","population":307278,"area":929739.59},
{"name":"Lyon","population":135879,"area":312058.1},
{"name":"Immātīn","population":704918,"area":600249.09},
{"name":"Tambovka","population":787636,"area":75981.59},
{"name":"Svalöv","population":411525,"area":793947.27},
{"name":"Currais Novos","population":718896,"area":945737.67},
{"name":"Várzea de Sintra","population":511718,"area":682756.6},
{"name":"Prámanta","population":252341,"area":794947.92},
{"name":"Tegalalang","population":909582,"area":311858.2},
{"name":"Glyadyanskoye","population":353853,"area":530137.7},
{"name":"Paranaguá","population":986284,"area":564633.66},
{"name":"Varkaus","population":812925,"area":84257.77},
{"name":"Liangwa","population":784837,"area":783915.97},
{"name":"Ellös","population":311153,"area":52918.86},
{"name":"Artsvanist","population":212825,"area":770761.5},
{"name":"Skanör","population":417846,"area":678002.15},
{"name":"Jember","population":921328,"area":550487.9},
{"name":"Citasuk","population":681165,"area":492785.02},
{"name":"Pueblo Nuevo","population":435215,"area":947397.35},
{"name":"Thị Trấn Pác Miầu","population":437138,"area":437037.09},
{"name":"Ronneby","population":288413,"area":56357.71},
{"name":"Quintães","population":179284,"area":815216.1},
{"name":"Krzepice","population":108165,"area":665015.12},
{"name":"Dalubian","population":74047,"area":354968.84},
{"name":"Serra Negra","population":485782,"area":372159.43},
{"name":"Castainço","population":632049,"area":109352.66},
{"name":"Nasilava","population":71295,"area":173552.59},
{"name":"Čačak","population":768602,"area":369182.55},
{"name":"Kirovsk","population":474187,"area":125085.06},
{"name":"Arsen’yev","population":756807,"area":267693.1},
{"name":"Kut Chap","population":857527,"area":469921.49},
{"name":"Onitsha","population":423634,"area":875732.95},
{"name":"Al Muharraq","population":977544,"area":824931.77},
{"name":"Biryukove","population":902819,"area":202704.4},
{"name":"Meïganga","population":519966,"area":568214.48},
{"name":"Hihyā","population":370644,"area":757260.98},
{"name":"Molo","population":502069,"area":869653.48},
{"name":"Bacong","population":930346,"area":781552.69},
{"name":"Pondokwungu","population":697231,"area":684882.13},
{"name":"Paola","population":48917,"area":481450.45},
{"name":"Al Khawkhah","population":343375,"area":489182.94},
{"name":"Calingcing","population":823145,"area":345425.91},
{"name":"Plereyan","population":794914,"area":213549.18},
{"name":"Caxarias","population":575797,"area":68948.23},
{"name":"Dagang","population":30064,"area":158725.27},
{"name":"Bauang","population":115469,"area":419699.42},
{"name":"Quime","population":436672,"area":223828.58},
{"name":"Uchaly","population":839937,"area":145881.18},
{"name":"Cipaku","population":245895,"area":355939.34},
{"name":"Piteå","population":613932,"area":551178.48},
{"name":"Jambuwerkrajan","population":349634,"area":695640.83},
{"name":"Sakura","population":471445,"area":943036.96},
{"name":"Cerenti","population":410595,"area":374488.71},
{"name":"Rungis","population":342849,"area":943932.84},
{"name":"Longhua","population":850481,"area":914270.27},
{"name":"Gnieżdżewo","population":955485,"area":547473.36},
{"name":"Mairiporã","population":729086,"area":830617.19},
{"name":"Kubang","population":637324,"area":615981.39},
{"name":"Gombangan","population":426881,"area":776803.23},
{"name":"Luuka Town","population":534379,"area":918104.78},
{"name":"Ciudad Sandino","population":173378,"area":211122.33},
{"name":"Guohe","population":829872,"area":706561.98},
{"name":"Ndom","population":700384,"area":415624.68},
{"name":"Xichehe","population":649113,"area":582876.18},
{"name":"Kolor","population":361062,"area":793432.69},
{"name":"Kadipaten","population":200219,"area":498050.46},
{"name":"Kímolos","population":496961,"area":879092.42},
{"name":"Katabu","population":984113,"area":146374.29},
{"name":"Řečany nad Labem","population":486248,"area":578905.22},
{"name":"Talabaan","population":695740,"area":437576.34},
{"name":"Paseka","population":291299,"area":548753.5},
{"name":"Buenavista","population":490442,"area":915509.08},
{"name":"Niort","population":376160,"area":880334.34},
{"name":"Ngenden","population":730810,"area":105615.25},
{"name":"Podhum","population":522812,"area":141959.05},
{"name":"Birmingham","population":958722,"area":189636.17},
{"name":"Vila Velha de Ródão","population":514346,"area":795301.17},
{"name":"Osieck","population":808005,"area":723054.66},
{"name":"Uppsala","population":6028,"area":745444.83},
{"name":"Alkmaar","population":414894,"area":175545.67},
{"name":"Huangcai","population":891472,"area":334327.0},
{"name":"Zagazig","population":66911,"area":780011.39},
{"name":"Marabahan","population":290140,"area":895562.67},
{"name":"Klutuk","population":51582,"area":46270.94},
{"name":"Ujung Gading","population":251254,"area":484369.14},
{"name":"Morcellemont Saint André","population":597122,"area":57477.49},
{"name":"Mulatupo","population":464452,"area":877345.09},
{"name":"Penco","population":522012,"area":330502.18},
{"name":"Kristiansand S","population":474931,"area":952648.79},
{"name":"Ciodeng","population":516409,"area":109200.05},
{"name":"Marseille","population":72646,"area":902991.98},
{"name":"Ningshan Chengguanzhen","population":250681,"area":157392.91},
{"name":"Jinping","population":627075,"area":712942.66},
{"name":"Cirangkong","population":575516,"area":932712.64},
{"name":"Xingxi","population":389503,"area":743515.44},
{"name":"San Isidro","population":326492,"area":777091.53},
{"name":"Shuangfeng","population":345716,"area":732876.04},
{"name":"Belén de Umbría","population":355833,"area":707209.79},
{"name":"Jutiapa","population":630455,"area":966636.75},
{"name":"Guder","population":69400,"area":90443.06},
{"name":"Chattanooga","population":26064,"area":319326.24},
{"name":"Piątnica","population":318893,"area":699442.49},
{"name":"Formosa","population":753075,"area":965476.07},
{"name":"Ponyri Vtoryye","population":264862,"area":832603.59},
{"name":"Barranca","population":110926,"area":185422.34},
{"name":"Göteborg","population":491919,"area":144938.61},
{"name":"Rublëvo","population":262199,"area":387392.37},
{"name":"Kiel","population":561721,"area":493064.31},
{"name":"Poli","population":907102,"area":681153.59},
{"name":"Abomsa","population":488497,"area":68991.46},
{"name":"Mojimán","population":669507,"area":639168.21},
{"name":"Kruty","population":311414,"area":978294.82},
{"name":"Fovissste","population":449616,"area":739139.04},
{"name":"Zgornje Jezersko","population":481906,"area":64178.59},
{"name":"Birzai","population":204415,"area":685652.77},
{"name":"Poncokusumo","population":147396,"area":860939.64},
{"name":"Amsterdam","population":360703,"area":185142.22},
{"name":"Masku","population":14338,"area":597603.71},
{"name":"Bílovice","population":237682,"area":880160.53},
{"name":"Nancheng","population":543638,"area":312384.46},
{"name":"Hicksville","population":801996,"area":943005.94},
{"name":"Santa Bárbara","population":765522,"area":680866.11},
{"name":"Turanj","population":642988,"area":577553.68},
{"name":"Lazaro Cardenas","population":403773,"area":394397.16},
{"name":"Huxi","population":515558,"area":173909.93},
{"name":"Brodarica","population":179270,"area":253680.14},
{"name":"Bojonghaur","population":739556,"area":52845.36},
{"name":"Minuwangoda","population":166066,"area":378851.0},
{"name":"Muzambinho","population":127940,"area":672766.97},
{"name":"Seydi","population":316295,"area":340991.32},
{"name":"Hudai","population":98268,"area":660259.69},
{"name":"Shiraoka","population":939008,"area":532961.36},
{"name":"Kisarazu","population":451735,"area":101659.67},
{"name":"Santa Lucía Cotzumalguapa","population":930729,"area":901199.84},
{"name":"Göteborg","population":433505,"area":24586.93},
{"name":"Bailu","population":984586,"area":86638.56},
{"name":"Paris 12","population":413764,"area":20117.68},
{"name":"Veguitas","population":800287,"area":153657.6},
{"name":"Laveiras","population":465481,"area":489625.84},
{"name":"Grujugan","population":430234,"area":642426.02},
{"name":"Taizi","population":428486,"area":471004.46},
{"name":"Haolin","population":530492,"area":280072.81},
{"name":"Skaudvilė","population":829177,"area":930666.1},
{"name":"Västerhaninge","population":739845,"area":273314.4},
{"name":"Linstead","population":310383,"area":672244.69},
{"name":"Rovnoye","population":48533,"area":769542.41},
{"name":"Svorónos","population":165677,"area":550302.2},
{"name":"Phú Thái","population":901246,"area":285591.89},
{"name":"Mỹ Thọ","population":768612,"area":452948.47},
{"name":"Žrnovo","population":894595,"area":948463.91},
{"name":"Không","population":185966,"area":416509.67},
{"name":"Trondheim","population":484092,"area":187003.03},
{"name":"Recife","population":95979,"area":889563.52},
{"name":"Picos","population":985798,"area":109311.06},
{"name":"Makamba","population":318003,"area":690433.02},
{"name":"Miaoxi","population":803789,"area":265462.79},
{"name":"Taurisma","population":85051,"area":261637.61},
{"name":"Shanghu","population":11836,"area":608445.83},
{"name":"Razumnoye","population":76327,"area":956439.78},
{"name":"Boa Esperança","population":759854,"area":483294.97},
{"name":"Cape Coast","population":175607,"area":791161.43},
{"name":"Slobodnica","population":82076,"area":569093.78},
{"name":"Loúros","population":749226,"area":661818.39},
{"name":"Hudong","population":701072,"area":954495.48},
{"name":"Al Mazār","population":871467,"area":263025.31},
{"name":"Lukićevo","population":817943,"area":824936.36},
{"name":"Nguigmi","population":408515,"area":615690.63},
{"name":"Nangkasari","population":542153,"area":565188.79},
{"name":"Karney Shomron","population":534844,"area":235181.31},
{"name":"Paris 05","population":902335,"area":133998.52},
{"name":"Yelizavetinskaya","population":550612,"area":662026.01},
{"name":"Batabanó","population":875722,"area":842865.24},
{"name":"Saidpur","population":91479,"area":785470.29},
{"name":"Tinalmud","population":596982,"area":882152.54},
{"name":"Seixas do Douro","population":82541,"area":327746.53},
{"name":"Quartier Morin","population":424639,"area":444409.12},
{"name":"Nora","population":387325,"area":651935.83},
{"name":"Oklahoma City","population":573644,"area":493904.98},
{"name":"Lewobelek","population":844754,"area":661977.93},
{"name":"Nong Bun Nak","population":841818,"area":678040.13},
{"name":"Hualfín","population":496253,"area":326710.29},
{"name":"Hanjia","population":503019,"area":437052.64},
{"name":"Olho Marinho","population":781845,"area":466928.09},
{"name":"Seria","population":298659,"area":944614.85},
{"name":"Kiboga","population":61115,"area":349224.43},
{"name":"Des Moines","population":183140,"area":699254.93},
{"name":"Lama","population":607662,"area":55496.22},
{"name":"Wa","population":941075,"area":277084.97},
{"name":"Mastung","population":69719,"area":691707.55},
{"name":"Troitskoye","population":623870,"area":64999.09},
{"name":"Ullulluco","population":198875,"area":465387.4},
{"name":"Föglö","population":488761,"area":963496.1},
{"name":"Sannois","population":268925,"area":724030.04},
{"name":"Zavolzh’ye","population":108717,"area":613631.11},
{"name":"Hwangju-ŭp","population":470539,"area":927694.33},
{"name":"Bieligutai","population":635579,"area":58505.3},
{"name":"Novais","population":841585,"area":969567.85},
{"name":"Bordeaux","population":78777,"area":918331.67},
{"name":"Warwick","population":727417,"area":610801.76},
{"name":"Makiyivka","population":741043,"area":117836.31},
{"name":"Whitwell","population":500257,"area":876938.29},
{"name":"Taotang","population":299803,"area":164470.34},
{"name":"Lodja","population":511473,"area":993507.79},
{"name":"Ban Na","population":744517,"area":116948.32},
{"name":"Xihu","population":918292,"area":839853.31},
{"name":"Halteu","population":886808,"area":752384.19},
{"name":"Pamupukan","population":974486,"area":542731.17},
{"name":"Yeşilköy","population":329162,"area":944106.77},
{"name":"Ernestinovo","population":776554,"area":456550.08},
{"name":"Ngantru","population":583033,"area":586872.23},
{"name":"Yangjiaqiao","population":845728,"area":376560.76},
{"name":"Roshnik","population":721836,"area":229515.56},
{"name":"Pagatin","population":101552,"area":609682.72},
{"name":"Klisura","population":796233,"area":65282.69},
{"name":"Santa Cruz","population":569087,"area":325571.39},
{"name":"Chemnitz","population":565324,"area":191032.85},
{"name":"Zhongshan Donglu","population":552985,"area":231155.56},
{"name":"Llalli","population":801472,"area":59023.84},
{"name":"Guaçuí","population":51030,"area":194608.82},
{"name":"Morales","population":249017,"area":478946.28},
{"name":"Outeiro Seco","population":74870,"area":572021.7},
{"name":"Udanin","population":244641,"area":99333.27},
{"name":"Đoan Hùng","population":91578,"area":982486.34},
{"name":"Xilu","population":954739,"area":877879.62},
{"name":"Normanton","population":295469,"area":529738.34},
{"name":"Pandanrejokrajan","population":400527,"area":52339.02},
{"name":"Qianxu Zhen","population":320245,"area":823518.28},
{"name":"Yampil’","population":743017,"area":836747.04},
{"name":"Montenegro","population":351305,"area":223872.57},
{"name":"San Juan","population":90254,"area":100747.4},
{"name":"Sibulan","population":904030,"area":323973.39},
{"name":"Orléans","population":619822,"area":494048.51},
{"name":"At Tawāhī","population":439119,"area":359086.76},
{"name":"Formosa","population":446112,"area":797047.02},
{"name":"Barra Cheia","population":827713,"area":75498.02},
{"name":"Sigayevo","population":383227,"area":325649.37},
{"name":"Kuybyshevskiy Zaton","population":236504,"area":503628.77},
{"name":"Chichaoua","population":859457,"area":46029.71},
{"name":"Koncang","population":644486,"area":94647.13},
{"name":"Slavgorod","population":711306,"area":369198.16},
{"name":"Ulyanovsk","population":727286,"area":184606.71},
{"name":"Cerenti","population":817251,"area":246945.04},
{"name":"Memaliaj","population":572624,"area":134695.11},
{"name":"Shijing","population":257753,"area":847353.28},
{"name":"Wutumeiren","population":602031,"area":555232.77},
{"name":"Chornukhyne","population":174087,"area":97697.97},
{"name":"Sembungan Kidul","population":498790,"area":575215.29},
{"name":"Venezia","population":929603,"area":959386.76},
{"name":"Dimbokro","population":94630,"area":735983.85},
{"name":"Washington","population":212878,"area":320680.71},
{"name":"Zhongying","population":955531,"area":699033.24},
{"name":"Ängelholm","population":642403,"area":589800.65},
{"name":"Ban Takhun","population":749902,"area":840541.71},
{"name":"Novoarkhanhel’s’k","population":310828,"area":946895.46},
{"name":"Langnga","population":205423,"area":790636.44},
{"name":"Tanakbeak Daye","population":493427,"area":244756.82},
{"name":"Xiangshan","population":705774,"area":716193.34},
{"name":"Horní Suchá","population":596622,"area":359468.14},
{"name":"Mounlapamôk","population":123628,"area":915608.38},
{"name":"Suslonger","population":506943,"area":464514.28},
{"name":"New Glasgow","population":19020,"area":620770.37},
{"name":"Burla","population":123614,"area":823995.42},
{"name":"Milotice","population":616312,"area":617782.93},
{"name":"Idfu","population":260138,"area":222516.99},
{"name":"Reno","population":926862,"area":419389.68},
{"name":"Shanyang","population":985404,"area":986942.53},
{"name":"Gardawice","population":278331,"area":251309.45},
{"name":"Maria Aurora","population":221387,"area":927210.0},
{"name":"Zdenci","population":578174,"area":989877.04},
{"name":"Velyki Sorochyntsi","population":945916,"area":442390.93},
{"name":"Usuki","population":805646,"area":809850.89},
{"name":"Nikolayevsk","population":254212,"area":356092.16},
{"name":"Blois","population":498278,"area":989805.69},
{"name":"Longhu","population":90737,"area":402968.71},
{"name":"Kroya","population":688266,"area":103177.91},
{"name":"Carcavelos","population":769310,"area":871496.1},
{"name":"Vila Moreira","population":664850,"area":467039.8},
{"name":"Shumerlya","population":252911,"area":111192.93},
{"name":"Lanxi","population":209899,"area":220175.45},
{"name":"Haikou","population":961994,"area":195651.92},
{"name":"Goodlands","population":541862,"area":155157.2},
{"name":"Ibung","population":918217,"area":914623.05},
{"name":"Kubachi","population":559262,"area":66945.39},
{"name":"Banarankrajan","population":298620,"area":259344.54},
{"name":"Puerto Asís","population":786418,"area":149947.88},
{"name":"Gaoping","population":389348,"area":743763.0},
{"name":"Sankt Andrä-Höch","population":975306,"area":938492.67},
{"name":"Hecun","population":520409,"area":798779.03},
{"name":"Kutum","population":830948,"area":335622.05},
{"name":"Santander","population":72941,"area":80330.62},
{"name":"Makungu","population":685288,"area":136125.6},
{"name":"Thị Trấn Tam Điệp","population":859069,"area":675335.89},
{"name":"Cibenda","population":870999,"area":768374.39},
{"name":"Addis Ababa","population":77228,"area":43614.68},
{"name":"Nancun","population":963768,"area":560268.52},
{"name":"Jargalant","population":819936,"area":616932.18},
{"name":"Vozuća","population":151391,"area":616879.65},
{"name":"Sebasang","population":707937,"area":874671.44},
{"name":"Abay","population":494999,"area":547678.14},
{"name":"Utan","population":583067,"area":675386.82},
{"name":"Airmata","population":552934,"area":526827.87},
{"name":"Illkirch-Graffenstaden","population":822199,"area":197897.87},
{"name":"Dadamtu","population":125513,"area":888601.95},
{"name":"Raşad","population":709082,"area":205152.35},
{"name":"Tremembé","population":867853,"area":347837.92},
{"name":"Sannikovo","population":509094,"area":217867.99},
{"name":"Göteborg","population":28212,"area":689869.15},
{"name":"Glazov","population":982911,"area":281308.4},
{"name":"Ringim","population":569919,"area":321353.15},
{"name":"Lapi","population":201828,"area":698487.37},
{"name":"Pancoran","population":263413,"area":596418.76},
{"name":"Askiz","population":415970,"area":671929.76},
{"name":"Mników","population":536639,"area":646269.41},
{"name":"Ðà Lạt","population":267031,"area":690868.65},
{"name":"Montgomery","population":982099,"area":160964.85},
{"name":"Kiikala","population":702229,"area":166106.7},
{"name":"Ampanihy","population":646680,"area":636563.66},
{"name":"Hane","population":942560,"area":332571.25},
{"name":"Lieqiao","population":560308,"area":926434.09},
{"name":"Zinat","population":694691,"area":839087.52},
{"name":"São João do Campo","population":601335,"area":960347.42},
{"name":"Xiyang","population":404331,"area":884594.93},
{"name":"Gayamdesa","population":910219,"area":37406.65},
{"name":"Ol Kalou","population":267173,"area":597524.51},
{"name":"Evijärvi","population":688118,"area":855428.24},
{"name":"Daxing","population":271093,"area":303157.77},
{"name":"Anuchino","population":474846,"area":658686.05},
{"name":"Salta","population":552719,"area":200536.1},
{"name":"El Paso","population":485037,"area":194828.13},
{"name":"Chai Nat","population":803421,"area":47434.91},
{"name":"Ismailia","population":386128,"area":553446.11},
{"name":"Curvelo","population":964601,"area":692463.08},
{"name":"Mococa","population":97280,"area":824145.74},
{"name":"Mirny","population":671021,"area":456876.4},
{"name":"Kakanj","population":733142,"area":680210.93},
{"name":"Bartniczka","population":468975,"area":657869.39},
{"name":"Salfīt","population":450739,"area":617401.0},
{"name":"Zhili","population":272015,"area":521233.9},
{"name":"Zafar","population":613122,"area":766927.24},
{"name":"Rokiškis","population":484936,"area":86191.78},
{"name":"Ourinhos","population":301123,"area":563737.74},
{"name":"Amerta","population":681880,"area":585616.94},
{"name":"Taurija","population":613897,"area":863970.21},
{"name":"Rafaï","population":216185,"area":600280.49},
{"name":"Nowosielce","population":318258,"area":570296.3},
{"name":"Mmaaf","population":763719,"area":793539.69},
{"name":"Quezon","population":655184,"area":445760.51},
{"name":"Sanhe","population":998549,"area":469062.44},
{"name":"Chak Two Hundred Forty-Nine TDA","population":770793,"area":704816.02},
{"name":"Putrajawa","population":618616,"area":103856.54},
{"name":"Xinjiang","population":124660,"area":480018.71},
{"name":"Wuying","population":249247,"area":139555.22},
{"name":"Olocuilta","population":616003,"area":925773.37},
{"name":"Harjavalta","population":69794,"area":949285.61},
{"name":"Sambongpari","population":893777,"area":260235.52},
{"name":"Panjiawan","population":897095,"area":419776.89},
{"name":"Santa Rosa","population":633272,"area":125380.2},
{"name":"Kameda-honchō","population":987156,"area":988151.29},
{"name":"Plandi","population":885077,"area":935667.68},
{"name":"Bąków","population":313922,"area":60085.57},
{"name":"Luau","population":474111,"area":717495.03},
{"name":"Paris 08","population":692913,"area":630288.52},
{"name":"Helvecia","population":870915,"area":367683.02},
{"name":"Junliangcheng","population":880846,"area":477438.07},
{"name":"Mitsukaidō","population":532617,"area":235413.21},
{"name":"Sukhinichi","population":463101,"area":764218.76},
{"name":"Lakshmīpur","population":115090,"area":545704.13},
{"name":"Xincheng","population":587197,"area":721159.24},
{"name":"Kampungbaru","population":638671,"area":108772.55},
{"name":"Tulungrejo","population":500329,"area":52436.81},
{"name":"Jati","population":502223,"area":62223.17},
{"name":"Pereval'noe","population":625942,"area":904157.47},
{"name":"Gojō","population":802333,"area":116552.43},
{"name":"Nol","population":383321,"area":561076.61},
{"name":"Tvøroyri","population":96085,"area":107792.17},
{"name":"Ouro Sogui","population":188455,"area":354699.02},
{"name":"Barrancas","population":515612,"area":297087.24},
{"name":"Blahodatne","population":35244,"area":83494.01},
{"name":"Qi’an","population":762735,"area":250584.96},
{"name":"Huomachong","population":923689,"area":129313.49},
{"name":"Birmingham","population":294470,"area":860728.54},
{"name":"Huacheng","population":465480,"area":606007.77},
{"name":"Marevo","population":935217,"area":550015.78},
{"name":"Yafran","population":187423,"area":961099.76},
{"name":"Las Flores","population":127555,"area":62465.19},
{"name":"Chexi","population":672119,"area":341641.99},
{"name":"Pampas","population":41467,"area":419390.86},
{"name":"Bankeryd","population":340162,"area":131770.23},
{"name":"Ganjiangtou","population":340863,"area":617182.74},
{"name":"Maoya","population":248194,"area":431549.82},
{"name":"Laranjal Paulista","population":798995,"area":593755.51},
{"name":"Ambulong","population":593515,"area":596821.03},
{"name":"Huangfang","population":578143,"area":653099.7},
{"name":"Barraute","population":263592,"area":288559.76},
{"name":"Dananshan","population":473541,"area":597740.92},
{"name":"Chengdong","population":457392,"area":168799.39},
{"name":"Shitouhe","population":826536,"area":158028.86},
{"name":"Luyang","population":815744,"area":572249.8},
{"name":"Karafao","population":388154,"area":171359.31},
{"name":"Esperanza","population":292086,"area":134201.26},
{"name":"Markaryd","population":100142,"area":252354.24},
{"name":"Donggaohuang","population":747966,"area":673542.84},
{"name":"Muzi","population":387298,"area":364404.27},
{"name":"Куклиш","population":686922,"area":912563.11},
{"name":"Marco","population":164390,"area":257472.38},
{"name":"Shiye","population":847463,"area":65002.07},
{"name":"Lac du Bonnet","population":196220,"area":899412.13},
{"name":"Chiang Yuen","population":726337,"area":31598.21},
{"name":"Liuzu","population":418598,"area":510891.31},
{"name":"Minato","population":134202,"area":501905.88},
{"name":"Cilolohan","population":992973,"area":265053.59},
{"name":"Buenavista","population":798882,"area":910862.79},
{"name":"Xinhua","population":863866,"area":176648.49},
{"name":"Ghāt","population":139925,"area":863613.22},
{"name":"Hetou","population":705736,"area":618572.01},
{"name":"Gagarin","population":518653,"area":233506.14},
{"name":"Huayuan","population":502698,"area":424376.12},
{"name":"Subaykhān","population":207044,"area":548125.06},
{"name":"Grenoble","population":891233,"area":293783.97},
{"name":"Puerto Rico","population":456681,"area":182956.49},
{"name":"Cijayana","population":351817,"area":946217.44},
{"name":"Chaoyang","population":544374,"area":629142.94},
{"name":"Shengshan","population":325911,"area":748687.4},
{"name":"Ji’an","population":121697,"area":973377.81},
{"name":"Ivanovo-Alekseyevka","population":819091,"area":274623.77},
{"name":"Santyoku","population":435028,"area":745152.64},
{"name":"Eindhoven","population":447766,"area":316499.79},
{"name":"Taungdwingyi","population":968509,"area":508214.95},
{"name":"Xingguo","population":338238,"area":185368.33},
{"name":"Nglego","population":209209,"area":195523.31},
{"name":"Toulouse","population":291040,"area":122467.62},
{"name":"Kaskinen","population":990113,"area":360205.83},
{"name":"Raszowa","population":919552,"area":58412.61},
{"name":"Meiqi","population":179736,"area":412406.8},
{"name":"Golden","population":522881,"area":160017.3},
{"name":"Zarszyn","population":811235,"area":557838.61},
{"name":"Kashmor","population":162361,"area":369492.84},
{"name":"Västra Frölunda","population":877819,"area":486875.16},
{"name":"Jiaocha","population":532235,"area":851033.37},
{"name":"Longonjo","population":710480,"area":137933.98},
{"name":"Puyang","population":690332,"area":319053.77},
{"name":"5 de Mayo","population":924248,"area":907152.99},
{"name":"Thị Trấn Bình Mỹ","population":463233,"area":153589.45},
{"name":"Huolu","population":675275,"area":576135.44},
{"name":"Abū Ghaush","population":875954,"area":843819.39},
{"name":"Zhuangshi","population":67109,"area":210496.17},
{"name":"Nyzhni Sirohozy","population":771365,"area":40953.65},
{"name":"Želetava","population":444253,"area":890317.2},
{"name":"Shahr-e Qods","population":381631,"area":594880.62},
{"name":"Merrifield","population":676298,"area":259867.24},
{"name":"Jönköping","population":527428,"area":68145.5},
{"name":"Bijia","population":36699,"area":430961.35},
{"name":"Oak Bay","population":550194,"area":444756.55},
{"name":"Zmijavci","population":501361,"area":950496.44},
{"name":"Allkaj","population":804621,"area":314693.32},
{"name":"Verkhnyachka","population":295236,"area":569740.42},
{"name":"Pavlohrad","population":759457,"area":933066.97},
{"name":"Wolbrom","population":717228,"area":536232.21},
{"name":"Dapo","population":752642,"area":584497.82},
{"name":"Bettendorf","population":142647,"area":767669.92},
{"name":"Chapimarca","population":927083,"area":110718.45},
{"name":"Ndofane","population":990147,"area":66084.78},
{"name":"Rancho Nuevo","population":259466,"area":566152.28},
{"name":"Xuchang","population":19372,"area":937926.18},
{"name":"Jintan","population":848039,"area":705224.57},
{"name":"Rājbirāj","population":789368,"area":917029.29},
{"name":"Yuty","population":228525,"area":675755.33},
{"name":"Libao","population":277325,"area":946977.5},
{"name":"Toulouse","population":270354,"area":286492.57},
{"name":"Osoyoos","population":159381,"area":264295.5},
{"name":"Verkhnya Rozhanka","population":80162,"area":138247.64},
{"name":"Ryczywół","population":124262,"area":680324.91},
{"name":"Kudang","population":452323,"area":222389.31},
{"name":"Burmakino","population":170389,"area":45509.95},
{"name":"Xiadu","population":489841,"area":816820.32},
{"name":"Florencia","population":807188,"area":543786.49},
{"name":"Starokorsunskaya","population":388378,"area":521841.31},
{"name":"Cabreúva","population":895697,"area":267939.15},
{"name":"Bagacay","population":295591,"area":92973.61},
{"name":"Dagu","population":657183,"area":427274.26},
{"name":"Tukhlya","population":578201,"area":446176.87},
{"name":"Zabierzów","population":44344,"area":780693.07},
{"name":"Suchedniów","population":362562,"area":927585.5},
{"name":"Kazimierz Dolny","population":590427,"area":337440.57},
{"name":"Lianga","population":439632,"area":618679.51},
{"name":"Saint-Denis","population":18000,"area":540850.56},
{"name":"Šentvid pri Stični","population":850950,"area":458093.06},
{"name":"Mortka","population":650167,"area":500474.45},
{"name":"Kotuń","population":166563,"area":695578.39},
{"name":"Siheyuan","population":561497,"area":364218.31},
{"name":"Río","population":785916,"area":727007.07},
{"name":"Mwene-Ditu","population":751598,"area":788555.0},
{"name":"Shangzhuang","population":902206,"area":845609.87},
{"name":"High River","population":424021,"area":317247.11},
{"name":"Bāzārak","population":825182,"area":626004.15},
{"name":"Stoczek Łukowski","population":576662,"area":929075.83},
{"name":"Zelenograd","population":332511,"area":946982.59},
{"name":"Purwasari","population":388232,"area":401388.66},
{"name":"Sherbrooke","population":124520,"area":912721.32},
{"name":"Kulia Village","population":65776,"area":718162.84},
{"name":"Yingyang","population":364829,"area":956826.94},
{"name":"Xinjian","population":89296,"area":649948.03},
{"name":"Yablonovskiy","population":471077,"area":734179.27},
{"name":"Chacarita","population":919435,"area":714494.69},
{"name":"Michałowo","population":980686,"area":970572.83},
{"name":"Golbey","population":120031,"area":26112.55},
{"name":"Georgiyevskaya","population":893699,"area":555984.57},
{"name":"Rodnikovskaya","population":403129,"area":621291.02},
{"name":"Siedlce","population":336051,"area":755867.44},
{"name":"Boro","population":338985,"area":756301.14},
{"name":"Melikkrajan","population":466284,"area":996961.97},
{"name":"Kousa","population":768202,"area":424539.62},
{"name":"Kirovs’k","population":377591,"area":842535.51},
{"name":"Épinal","population":371704,"area":151968.36},
{"name":"Krajan","population":61666,"area":51920.76},
{"name":"Evinayong","population":742827,"area":457864.82},
{"name":"Sumbergebang","population":509193,"area":281807.71},
{"name":"Ngaliyan","population":605962,"area":132825.33},
{"name":"Oklahoma City","population":659144,"area":177296.68},
{"name":"Melbourne","population":741277,"area":334158.0},
{"name":"Moog","population":95835,"area":146599.22},
{"name":"Zavolzh’ye","population":374021,"area":195011.33},
{"name":"Kampungbajo","population":704425,"area":180361.34},
{"name":"Novyy Uoyan","population":6578,"area":63301.05},
{"name":"Menara","population":904509,"area":642713.04},
{"name":"Pingyang","population":827946,"area":486771.86},
{"name":"Carvalhal","population":962617,"area":366840.8},
{"name":"Veshnyaki","population":915779,"area":663019.26},
{"name":"Erdenet","population":319897,"area":444503.74},
{"name":"Cungking","population":67976,"area":735095.68},
{"name":"Karangtengah","population":28187,"area":114520.9},
{"name":"Priiskovyy","population":493762,"area":738230.07},
{"name":"Mamurras","population":552443,"area":884727.46},
{"name":"Kalate","population":201325,"area":765765.9},
{"name":"Shikārpur","population":335631,"area":35083.2},
{"name":"Łubnice","population":695886,"area":641997.47},
{"name":"Saint-Étienne","population":901684,"area":329399.32},
{"name":"Tyukalinsk","population":310681,"area":285785.18},
{"name":"Kälviä","population":490603,"area":564089.02},
{"name":"Las Varillas","population":786197,"area":547614.09},
{"name":"Dolega District","population":70311,"area":673833.76},
{"name":"Sobienie Jeziory","population":271931,"area":196276.07},
{"name":"Francisco I Madero","population":651609,"area":374943.45},
{"name":"Miribanteng","population":816072,"area":651800.2},
{"name":"Newport News","population":975573,"area":657389.39},
{"name":"Kirtipur","population":42947,"area":430455.25},
{"name":"Rzewnie","population":840257,"area":364520.98},
{"name":"Blois","population":926380,"area":655433.1},
{"name":"Mangai","population":755913,"area":22092.6},
{"name":"Tyachiv","population":588691,"area":909177.41},
{"name":"Kalipare","population":13460,"area":172515.62},
{"name":"Yanjiang","population":267720,"area":604372.41},
{"name":"Fargo","population":950757,"area":223093.33},
{"name":"Taiping","population":102563,"area":729929.52},
{"name":"Nangkasari","population":884675,"area":165087.93},
{"name":"Neftçala","population":458007,"area":874053.68},
{"name":"Sępopol","population":226082,"area":751754.08},
{"name":"Liujiachang","population":17394,"area":268178.06},
{"name":"Ntsoudjini","population":444145,"area":371908.51},
{"name":"Aihua","population":506052,"area":747053.8},
{"name":"Hřebeč","population":876890,"area":148084.31},
{"name":"Saitama","population":604513,"area":519968.11},
{"name":"Dërmënas","population":825620,"area":83761.02},
{"name":"Maji","population":262684,"area":243547.11},
{"name":"Kuala Belait","population":226181,"area":152732.06},
{"name":"Bibiani","population":52332,"area":445326.28},
{"name":"Jampang Tengah","population":724070,"area":462659.34},
{"name":"Mandráki","population":294045,"area":173992.81},
{"name":"Choca do Mar","population":887355,"area":434825.24},
{"name":"Issy-les-Moulineaux","population":107719,"area":708133.64},
{"name":"Bang Rakam","population":340242,"area":302604.34},
{"name":"Shuangta","population":436188,"area":580314.73},
{"name":"Rancho Nuevo","population":888834,"area":43782.05},
{"name":"Lafiagi","population":613686,"area":553814.08},
{"name":"Vidzy","population":962351,"area":184170.89},
{"name":"Sigavé","population":290464,"area":896004.04},
{"name":"Vyaz’ma","population":348107,"area":457898.99},
{"name":"Huambo","population":195584,"area":136842.36},
{"name":"Saint-Lô","population":729867,"area":673753.21},
{"name":"Krajan Alastengah","population":339338,"area":430041.1},
{"name":"Vila Verde","population":622883,"area":81446.52},
{"name":"Kuala Lumpur","population":730818,"area":537596.95},
{"name":"Tampa","population":703912,"area":830079.18},
{"name":"Cergy-Pontoise","population":789341,"area":462060.3},
{"name":"Niort","population":436955,"area":753998.77},
{"name":"Zeguo","population":571178,"area":440284.39},
{"name":"Tuchoměřice","population":567593,"area":153785.95},
{"name":"Kawaguchi","population":604474,"area":270343.18},
{"name":"Proptisht","population":291745,"area":473720.45},
{"name":"Sukadana","population":880962,"area":502449.63},
{"name":"Khosta","population":642128,"area":299540.27},
{"name":"Cerca la Source","population":183447,"area":687881.81},
{"name":"Chancay","population":376754,"area":61572.2},
{"name":"Berbérati","population":178942,"area":543401.77},
{"name":"Mabugang","population":977172,"area":502414.53},
{"name":"Tambaú","population":629258,"area":82875.33},
{"name":"Stockholm","population":183386,"area":606169.47},
{"name":"Paidha","population":639957,"area":444861.61},
{"name":"Somdet","population":174258,"area":764244.42},
{"name":"Bundoran","population":452703,"area":908235.0},
{"name":"Lindi","population":311832,"area":610024.46},
{"name":"Yilan","population":201611,"area":550948.4},
{"name":"Banjar Paangkelod","population":514264,"area":52332.17},
{"name":"Ilama","population":492217,"area":457976.51},
{"name":"Suwa","population":298072,"area":90516.53},
{"name":"Jeonju","population":556799,"area":101583.09},
{"name":"Miaoyu","population":268954,"area":418890.77},
{"name":"Somba","population":772279,"area":131539.36},
{"name":"Tambulig","population":473027,"area":396492.34},
{"name":"Sila Lat","population":811258,"area":412347.63},
{"name":"Bègles","population":487176,"area":260013.45},
{"name":"Jatipamor","population":192155,"area":66107.86},
{"name":"Gampengrejo","population":39536,"area":245650.81},
{"name":"Altunemil","population":143498,"area":25756.19},
{"name":"Sapeken","population":2563,"area":955037.49},
{"name":"Bagalangit","population":752697,"area":257513.27},
{"name":"Banjar Bias","population":708375,"area":165896.24},
{"name":"Jarry","population":411370,"area":973865.78},
{"name":"Alah Sāy","population":148469,"area":82409.96},
{"name":"Wissous","population":353236,"area":193557.33},
{"name":"Liulin","population":836652,"area":137537.62},
{"name":"Richmond","population":72691,"area":942191.36},
{"name":"Wārāh","population":658967,"area":392521.46},
{"name":"Gaohe","population":343325,"area":708420.88},
{"name":"Carlos Barbosa","population":828263,"area":939839.65},
{"name":"Sadovo","population":84849,"area":534127.57},
{"name":"Hejiabao","population":897931,"area":345710.06},
{"name":"Jinping","population":183091,"area":432084.4},
{"name":"Junkou","population":133541,"area":190016.4},
{"name":"Jaú","population":479879,"area":412484.25},
{"name":"Uhryniv","population":171568,"area":403176.91},
{"name":"Wanzu","population":787169,"area":936380.52},
{"name":"Pýli","population":683021,"area":96826.71},
{"name":"Saint-Jean-de-Monts","population":269182,"area":565724.86},
{"name":"Dehui","population":570163,"area":546945.69},
{"name":"Aleksandrovskiy Zavod","population":563800,"area":664538.75},
{"name":"Trieste","population":30629,"area":815668.68},
{"name":"Dawan","population":759777,"area":323545.47},
{"name":"Concepción","population":595860,"area":662741.14},
{"name":"Canggang","population":491720,"area":607913.36},
{"name":"Komsomolets","population":283242,"area":720404.09},
{"name":"Lobão","population":365824,"area":844701.7},
{"name":"El Calafate","population":580453,"area":776624.83},
{"name":"Australia Square","population":450293,"area":222541.32},
{"name":"Cacequi","population":775163,"area":317575.84},
{"name":"Kebili","population":148381,"area":408091.66},
{"name":"La Mesa","population":546051,"area":309107.13},
{"name":"Sunfang","population":812694,"area":871744.12},
{"name":"Cañasgordas","population":138710,"area":52234.76},
{"name":"Kamenné Žehrovice","population":531864,"area":96688.76},
{"name":"Phú Vang","population":658564,"area":513236.03},
{"name":"Liminka","population":142548,"area":162676.65},
{"name":"Xinjiebu","population":259147,"area":164143.64},
{"name":"Cikaduen","population":806390,"area":311330.32},
{"name":"Malasila","population":436485,"area":956780.34},
{"name":"Yongqin","population":697947,"area":459746.86},
{"name":"Liyang","population":569702,"area":365824.3},
{"name":"Renchaoxi","population":540089,"area":760284.09},
{"name":"Bacelo","population":731933,"area":188268.93},
{"name":"Chouto","population":896938,"area":925483.88},
{"name":"Xiaji","population":336027,"area":533760.79},
{"name":"Tokyo","population":428759,"area":681633.27},
{"name":"Sabang","population":685095,"area":843754.24},
{"name":"Rizómilos","population":356221,"area":261165.94},
{"name":"Mingzhong","population":978930,"area":488034.16},
{"name":"Souto","population":179844,"area":38982.26},
{"name":"Mattaldi","population":816528,"area":66196.45},
{"name":"Itaquyry","population":660706,"area":938565.94},
{"name":"Kunyang","population":914555,"area":425417.41},
{"name":"Babana","population":26897,"area":266037.77},
{"name":"Pasirbatang","population":398970,"area":761126.28},
{"name":"Palcza","population":192438,"area":624617.39},
{"name":"Vlachovo Březí","population":660935,"area":313100.24},
{"name":"Daqiao","population":965459,"area":458592.34},
{"name":"Buy","population":333671,"area":380243.03},
{"name":"Svetlyy","population":163503,"area":841150.79},
{"name":"Kunheda Woerzu Manzu","population":620965,"area":627138.25},
{"name":"Athy","population":390560,"area":365030.58},
{"name":"Dongkeng","population":790018,"area":353641.41},
{"name":"Gamay","population":937067,"area":34619.42},
{"name":"Puerto Cumarebo","population":952103,"area":454697.9},
{"name":"Seattle","population":667836,"area":552459.51},
{"name":"Dzel","population":303817,"area":868424.27},
{"name":"Phanna Nikhom","population":449651,"area":644922.37},
{"name":"Qinling Jieban","population":291946,"area":701954.98},
{"name":"La Guacamaya","population":53248,"area":698943.85},
{"name":"Gia Ray","population":583852,"area":155113.0},
{"name":"Jambuwerkrajan","population":753029,"area":872177.48},
{"name":"Jaguariaíva","population":943908,"area":250270.3},
{"name":"Bassano","population":668495,"area":759131.92},
{"name":"Söderköping","population":90274,"area":271849.95},
{"name":"Dukuhmencek Lor","population":108705,"area":432999.98},
{"name":"Kissimmee","population":963163,"area":328048.08},
{"name":"Huili Chengguanzhen","population":94374,"area":651033.72},
{"name":"eMbalenhle","population":551777,"area":962893.16}]}