{"cities": [{"name":"Bishan","population":862738,"area":5602.23},
{"name":"Návsí u Jablunkova","population":612120,"area":17637.33},
{"name":"Bolou","population":563572,"area":17522.08},
{"name":"Sitrah","population":247822,"area":17410.66},
{"name":"Golub-Dobrzyń","population":143197,"area":6747.32},
{"name":"Grubišno Polje","population":778954,"area":9139.5},
{"name":"Peñal","population":50369,"area":17563.34},
{"name":"Lasiana","population":315394,"area":15265.41},
{"name":"Lixin","population":643372,"area":2834.73},
{"name":"Klemunan","population":223121,"area":13964.75},
{"name":"Shangbahe","population":532060,"area":14650.75},
{"name":"Pevek","population":792777,"area":15244.97},
{"name":"Mari","population":957966,"area":13238.92},
{"name":"Liuzikou","population":524190,"area":17176.07},
{"name":"Santo Domingo de los Colorados","population":162016,"area":529.55},
{"name":"Lýkeio","population":667598,"area":5897.72},
{"name":"São Martinho","population":690353,"area":16066.53},
{"name":"Pugeran","population":659072,"area":11903.23},
{"name":"Vetlanda","population":834242,"area":14536.38},
{"name":"Nazir Town","population":235696,"area":6554.75},
{"name":"Slobodskoy","population":241807,"area":12890.85},
{"name":"Pan-an","population":266422,"area":14556.9},
{"name":"Lamam","population":828121,"area":18747.06},
{"name":"Poiares","population":716026,"area":569.27},
{"name":"Klau","population":326015,"area":2119.49},
{"name":"Kota Bharu","population":258972,"area":8327.85},
{"name":"Minneapolis","population":101368,"area":3152.04},
{"name":"Waitenepang","population":521878,"area":3988.14},
{"name":"Bislig","population":373020,"area":6343.29},
{"name":"Maloye Verevo","population":480699,"area":6429.74},
{"name":"Guantou","population":508781,"area":2374.03},
{"name":"Pittsburgh","population":739427,"area":5454.61},
{"name":"Ngromo","population":157965,"area":11581.92},
{"name":"Ngembul","population":365534,"area":12216.99},
{"name":"Ituzaingó","population":6623,"area":10183.21},
{"name":"Baorixile","population":160889,"area":4783.01},
{"name":"Dome","population":338426,"area":19225.27},
{"name":"Eisen","population":149039,"area":11084.29},
{"name":"Macachín","population":815750,"area":19855.86},
{"name":"Pasadena","population":230175,"area":4724.2},
{"name":"Schieren","population":673735,"area":9650.04},
{"name":"Moxi","population":578345,"area":18698.59},
{"name":"Mirzec","population":408589,"area":9178.31},
{"name":"Zhongxin","population":598679,"area":420.04},
{"name":"Guaporé","population":181140,"area":11124.83},
{"name":"Złocieniec","population":295996,"area":1288.87},
{"name":"Šabac","population":774260,"area":19817.77},
{"name":"Nangang","population":510492,"area":7898.88},
{"name":"Pavlysh","population":274748,"area":14227.25},
{"name":"Belverde","population":538157,"area":9582.43},
{"name":"Babakanloa","population":446855,"area":15177.99},
{"name":"Ochër","population":748867,"area":10902.35},
{"name":"Sastöbe","population":598214,"area":13495.85},
{"name":"Singaparna","population":511487,"area":9071.74},
{"name":"Miami","population":487192,"area":15654.79},
{"name":"Arkhaía Kórinthos","population":955082,"area":13663.48},
{"name":"Tynne","population":299367,"area":17470.12},
{"name":"General Elizardo Aquino","population":495620,"area":16790.81},
{"name":"Retkovci","population":450274,"area":19936.27},
{"name":"Fonte de Angeão","population":574890,"area":14058.05},
{"name":"Pulo","population":95754,"area":14928.71},
{"name":"Cotonou","population":370281,"area":19063.11},
{"name":"São Paulo de Olivença","population":939895,"area":8370.94},
{"name":"Fonte Boa","population":610891,"area":14983.41},
{"name":"Espinal","population":212745,"area":11280.26},
{"name":"David","population":554658,"area":11917.79},
{"name":"Cortiços","population":808766,"area":10854.63},
{"name":"Kivsharivka","population":694398,"area":5964.76},
{"name":"Baghdad","population":244843,"area":6263.01},
{"name":"Duishan","population":325501,"area":9636.56},
{"name":"Yinghai","population":215973,"area":3549.19},
{"name":"Vila Maior","population":148702,"area":16265.83},
{"name":"Merke","population":929670,"area":12583.99},
{"name":"Olesno","population":496659,"area":19495.44},
{"name":"Íasmos","population":950606,"area":16162.48},
{"name":"Dębno","population":933978,"area":3510.23},
{"name":"Benchu","population":443872,"area":548.94},
{"name":"Palmeira das Missões","population":928195,"area":15018.1},
{"name":"Ấp Tân Ngãi","population":868231,"area":15239.95},
{"name":"Adelaide Mail Centre","population":541271,"area":14315.16},
{"name":"Hekou","population":81106,"area":18620.36},
{"name":"Sainte-Thérèse","population":593160,"area":3349.3},
{"name":"Registro","population":30007,"area":1794.04},
{"name":"Castro Daire","population":627867,"area":4905.01},
{"name":"Ibarreta","population":847150,"area":15780.3},
{"name":"Motrico","population":490247,"area":18481.29},
{"name":"Vranje","population":478422,"area":15684.08},
{"name":"Tongole","population":65927,"area":14526.89},
{"name":"Phước An","population":347370,"area":15036.67},
{"name":"Daxi","population":852666,"area":9713.48},
{"name":"Sarukhan","population":433476,"area":12831.35},
{"name":"Tsukuba","population":369446,"area":5237.51},
{"name":"Lautaro","population":898993,"area":17731.2},
{"name":"Finiq","population":212607,"area":15816.05},
{"name":"Philadelphia","population":588928,"area":4385.2},
{"name":"Wojsławice","population":100141,"area":17904.8},
{"name":"Palaiópyrgos","population":383849,"area":13403.47},
{"name":"Póvoa do Valado","population":103121,"area":8604.37},
{"name":"Jardoeira","population":705596,"area":9048.68},
{"name":"5 de Mayo","population":585360,"area":18560.54},
{"name":"Philadelphia","population":92948,"area":15903.27},
{"name":"Bandungan Timur","population":39819,"area":2386.66},
{"name":"Ushuaia","population":610386,"area":18602.06},
{"name":"Canmang","population":313298,"area":13973.88},
{"name":"Falun","population":381503,"area":15065.79},
{"name":"Singojuruh","population":569573,"area":17325.45},
{"name":"Mbalmayo","population":162507,"area":9966.52},
{"name":"Dongxiang","population":701347,"area":2835.13},
{"name":"Biguo","population":667511,"area":7034.24},
{"name":"Khadīr","population":92598,"area":16033.56},
{"name":"Ermida","population":938725,"area":11142.15},
{"name":"Vendychany","population":398121,"area":11039.59},
{"name":"Yaypan","population":247512,"area":6768.91},
{"name":"Karangasem","population":236475,"area":6437.68},
{"name":"Dukuhpicung","population":370265,"area":13029.6},
{"name":"Hołoby","population":475024,"area":7717.08},
{"name":"Seixas","population":893714,"area":14186.41},
{"name":"Dukuhsia","population":486919,"area":15799.79},
{"name":"Shuangtang","population":427571,"area":18992.21},
{"name":"Jiaoqi","population":695597,"area":13899.2},
{"name":"Tilburg","population":489689,"area":14408.46},
{"name":"Jialu","population":691185,"area":11597.64},
{"name":"Matang","population":120063,"area":14986.43},
{"name":"Bromma","population":313785,"area":4348.3},
{"name":"Daykitin","population":293064,"area":6465.39},
{"name":"Santa Cruz","population":895180,"area":1774.38},
{"name":"Ta`ū","population":735505,"area":6835.46},
{"name":"Široki Brijeg","population":523329,"area":9220.43},
{"name":"Petropavlovsk","population":533281,"area":16014.14},
{"name":"Wartburg","population":952863,"area":1230.82},
{"name":"Huimin","population":103293,"area":16505.26},
{"name":"Lincoln","population":130355,"area":4800.66},
{"name":"Bantacan","population":509375,"area":13222.74},
{"name":"Boguchar","population":886588,"area":17540.26},
{"name":"Igboho","population":697190,"area":3140.32},
{"name":"Lindi","population":403137,"area":11625.72},
{"name":"Thompson","population":682717,"area":14920.58},
{"name":"Shanglu","population":24994,"area":10270.84},
{"name":"Wuqiao","population":295686,"area":19631.31},
{"name":"Luzhou","population":713345,"area":16640.31},
{"name":"Kogon","population":262451,"area":3986.81},
{"name":"Ikedachō","population":972245,"area":1947.11},
{"name":"Mat-i","population":862688,"area":5277.33},
{"name":"Épinal","population":811073,"area":11682.13},
{"name":"Pyra","population":146460,"area":5891.91},
{"name":"Trà My","population":73487,"area":13889.13},
{"name":"Pangkajene","population":788966,"area":7838.57},
{"name":"Lanzhong","population":130184,"area":18839.23},
{"name":"Petrokamenskoye","population":206197,"area":14100.04},
{"name":"Longgao","population":71277,"area":9210.86},
{"name":"Catania","population":808199,"area":16430.91},
{"name":"Velké Pavlovice","population":360713,"area":16912.44},
{"name":"Kohila","population":849046,"area":14116.76},
{"name":"San Jose","population":620735,"area":220.77},
{"name":"Thị Trấn Văn Quan","population":269671,"area":13211.13},
{"name":"Ribeira do Pombal","population":541608,"area":17471.9},
{"name":"Zhangjiaji","population":51702,"area":19653.45},
{"name":"Ureshino","population":300114,"area":8839.15},
{"name":"Châlons-en-Champagne","population":690777,"area":11769.96},
{"name":"Sembung","population":415702,"area":17584.05},
{"name":"Pimian","population":262510,"area":11495.0},
{"name":"Andkhōy","population":79888,"area":18853.7},
{"name":"Nazareth","population":362236,"area":2838.31},
{"name":"Tortosa","population":331869,"area":19826.15},
{"name":"Shayuan","population":664557,"area":5228.61},
{"name":"Disūq","population":308165,"area":16521.96},
{"name":"Heqiao","population":366602,"area":7297.65},
{"name":"Smolino","population":104387,"area":7693.12},
{"name":"Tarouca","population":669968,"area":11018.29},
{"name":"Lecherías","population":570862,"area":7017.48},
{"name":"Essen","population":942873,"area":8086.73},
{"name":"Los Pinos","population":305330,"area":14796.49},
{"name":"Philadelphia","population":268936,"area":3872.48},
{"name":"Minnedosa","population":70297,"area":9066.75},
{"name":"Sidikalang","population":233277,"area":8349.87},
{"name":"Karelichy","population":757569,"area":5080.37},
{"name":"Kāshān","population":592046,"area":16849.65},
{"name":"Nambak Tengah","population":724839,"area":14151.9},
{"name":"Krasnorechenskiy","population":272787,"area":14774.05},
{"name":"Qingshui","population":467341,"area":13615.68},
{"name":"Maicao","population":519089,"area":11383.86},
{"name":"Sugiharjo","population":21822,"area":8098.21},
{"name":"Yasynuvata","population":877878,"area":3983.35},
{"name":"Liuhuang","population":290611,"area":18627.8},
{"name":"Boucinha","population":498571,"area":17362.04},
{"name":"Jiangshan","population":849563,"area":6036.29},
{"name":"Kyurdarmir","population":958169,"area":16134.38},
{"name":"Kalamangog","population":352281,"area":7831.49},
{"name":"Qaryūt","population":53821,"area":5333.55},
{"name":"Semalang","population":391201,"area":10397.79},
{"name":"Sugihmukti","population":566451,"area":19564.77},
{"name":"Changsu","population":647192,"area":16306.94},
{"name":"Djohong","population":898330,"area":5154.4},
{"name":"Kauhava","population":410689,"area":18181.26},
{"name":"Moutsamoudou","population":874288,"area":4293.37},
{"name":"Itaúna","population":972074,"area":1814.43},
{"name":"Ten’gushevo","population":990448,"area":4150.86},
{"name":"Elias Fausto","population":535972,"area":13231.59},
{"name":"Guli","population":619543,"area":12908.19},
{"name":"Chicago","population":903812,"area":7500.5},
{"name":"Bagnolet","population":696572,"area":1777.74},
{"name":"Yŏnggwang-ŭp","population":559772,"area":13680.15},
{"name":"Blantyre","population":127769,"area":7041.03},
{"name":"Armopa","population":332891,"area":14747.33},
{"name":"Eman","population":532462,"area":7586.28},
{"name":"Sukamanah","population":112674,"area":1416.73},
{"name":"São Pedro de Trafaria","population":732546,"area":17305.4},
{"name":"Argentan","population":4028,"area":12136.81},
{"name":"Nurmo","population":357609,"area":2751.35},
{"name":"Nekla","population":708029,"area":13571.83},
{"name":"Orzesze","population":453717,"area":3531.82},
{"name":"Krzyżanowice","population":418796,"area":19687.48},
{"name":"Yambol","population":929332,"area":11302.97},
{"name":"Suisan","population":520975,"area":5780.34},
{"name":"Usman’","population":491151,"area":5619.43},
{"name":"Bonpland","population":496508,"area":18899.76},
{"name":"Shaykh al Ḩadīd","population":966345,"area":7934.99},
{"name":"Chengnan","population":327916,"area":16946.13},
{"name":"Ağdaş","population":888026,"area":10256.09},
{"name":"Burevestnik","population":641598,"area":8281.13},
{"name":"Rijau","population":402496,"area":8302.71},
{"name":"Ban Rangsit","population":918539,"area":9963.96},
{"name":"São Jerônimo","population":843413,"area":17025.32},
{"name":"Gavrilov-Yam","population":374156,"area":940.57},
{"name":"Taosha","population":736436,"area":17177.16},
{"name":"Tunzhai","population":726123,"area":15201.32},
{"name":"Shūsh","population":842539,"area":13293.16},
{"name":"Aswan","population":28318,"area":9312.84},
{"name":"Yenakiyeve","population":584904,"area":15466.57},
{"name":"Sainte-Agathe-des-Monts","population":987560,"area":17783.23},
{"name":"Kokologo","population":638474,"area":561.65},
{"name":"Okakarara","population":884463,"area":18929.0},
{"name":"Lewopao","population":607698,"area":8412.1},
{"name":"Jām Sāhib","population":814701,"area":15518.1},
{"name":"Liudu","population":635715,"area":7258.58},
{"name":"Drzewica","population":765368,"area":8899.21},
{"name":"Simitli","population":910922,"area":4598.29},
{"name":"Tuzhu","population":376573,"area":1581.66},
{"name":"Petrovskiy","population":366838,"area":19342.42},
{"name":"Nancheng","population":322106,"area":2870.6},
{"name":"Piaski","population":462513,"area":6642.81},
{"name":"Jabłonica Polska","population":385237,"area":8554.55},
{"name":"Pingkai","population":607238,"area":19467.6},
{"name":"Mabai","population":889017,"area":9605.63},
{"name":"Rokietnica","population":339017,"area":12348.58},
{"name":"Pagangan","population":655959,"area":7774.07},
{"name":"Futang","population":310393,"area":18920.43},
{"name":"Klášterec nad Ohří","population":219612,"area":5596.97},
{"name":"Syamzha","population":117691,"area":7566.79},
{"name":"Wangba","population":743626,"area":15563.04},
{"name":"Furukawa","population":87601,"area":4630.58},
{"name":"Menlou","population":947265,"area":7961.27},
{"name":"Nantes","population":30955,"area":10240.19},
{"name":"Shinkafe","population":864093,"area":1712.94},
{"name":"Cigembong","population":773790,"area":14933.78},
{"name":"Nsok","population":66012,"area":6892.19},
{"name":"Siqiao","population":741838,"area":11581.32},
{"name":"Zhenping Chengguanzhen","population":855416,"area":11610.51},
{"name":"Junín","population":697600,"area":3487.31},
{"name":"Bariri","population":908979,"area":14445.15},
{"name":"Vis","population":219980,"area":9529.69},
{"name":"Pirassununga","population":798388,"area":10392.18},
{"name":"Pangal Sur","population":103599,"area":13277.52},
{"name":"Presidente Epitácio","population":100410,"area":8592.58},
{"name":"Izlake","population":61055,"area":1577.43},
{"name":"Al Muwayh","population":154335,"area":17739.31},
{"name":"Trelleborg","population":255273,"area":8559.84},
{"name":"Birendranagar","population":585521,"area":13492.24},
{"name":"Znomenka","population":853230,"area":7739.25},
{"name":"Buda-Kashalyova","population":986736,"area":1750.76},
{"name":"Troyes","population":12676,"area":12698.57},
{"name":"Qesarya","population":709273,"area":2301.88},
{"name":"Jobabo","population":960071,"area":6796.61},
{"name":"Bondy","population":536688,"area":2201.2},
{"name":"Vyritsa","population":756318,"area":10972.22},
{"name":"Maisons-Laffitte","population":346258,"area":8880.48},
{"name":"Lai Cách","population":319256,"area":2248.8},
{"name":"Cajazeiras","population":675269,"area":13285.68},
{"name":"Sergio Osmeña Sr","population":988303,"area":18997.69},
{"name":"Byera Village","population":717593,"area":8059.56},
{"name":"Qingkou","population":890429,"area":2865.89},
{"name":"Bayt al ‘Awābī","population":56069,"area":18568.02},
{"name":"Al Qaryatayn","population":420756,"area":14672.4},
{"name":"Concordia","population":943466,"area":6471.35},
{"name":"Houston","population":98862,"area":7138.24},
{"name":"Shizukuishi","population":981410,"area":11103.54},
{"name":"Honglin","population":384384,"area":6091.69},
{"name":"Seversk","population":519553,"area":8187.08},
{"name":"Châteauroux","population":359348,"area":8281.79},
{"name":"Santa Fe","population":757500,"area":1108.85},
{"name":"Machala","population":265685,"area":14699.56},
{"name":"North Shore","population":868531,"area":18664.56},
{"name":"Margasari","population":885155,"area":3892.98},
{"name":"Pondokrejo Wetan","population":822881,"area":7284.53},
{"name":"Qaram Qōl","population":318993,"area":394.81},
{"name":"San Pablo","population":584845,"area":13829.25},
{"name":"Sonlit","population":391463,"area":4252.29},
{"name":"Obrenovac","population":623234,"area":152.82},
{"name":"Dingcheng","population":446798,"area":10706.65},
{"name":"Castanheira de Pêra","population":467809,"area":12703.16},
{"name":"La Mesa","population":906219,"area":16054.97},
{"name":"Houping","population":637341,"area":18610.4},
{"name":"Yëlkino","population":102936,"area":844.23},
{"name":"Samut Prakan","population":178996,"area":4422.21},
{"name":"Wonorejo","population":413505,"area":15799.72},
{"name":"Datong","population":92363,"area":6514.25},
{"name":"Dawuhan","population":62736,"area":15535.02},
{"name":"Châteauroux","population":17790,"area":3712.42},
{"name":"Mungging","population":421026,"area":4144.62},
{"name":"Nanuque","population":91910,"area":7043.65},
{"name":"Daegu","population":150297,"area":5002.35},
{"name":"Balally","population":677818,"area":18040.02},
{"name":"Setono","population":606054,"area":9848.57},
{"name":"Warmare","population":839908,"area":6678.22},
{"name":"Verkhnyaya Toyma","population":864718,"area":3790.4},
{"name":"Nikolo-Pavlovskoye","population":722146,"area":9533.88},
{"name":"Mutang","population":954526,"area":9235.13},
{"name":"Şanā’","population":883767,"area":19549.77},
{"name":"Tongtuan","population":622199,"area":8915.11},
{"name":"Nato","population":383092,"area":7964.43},
{"name":"Zhangcun","population":436124,"area":17592.67},
{"name":"Qorovulbozor Shahri","population":244539,"area":1348.92},
{"name":"Philadelphia","population":972507,"area":11417.13},
{"name":"Chastyye","population":979549,"area":18241.95},
{"name":"Nancy","population":154082,"area":15816.19},
{"name":"Punta Alta","population":469671,"area":7122.1},
{"name":"Domaradz","population":40177,"area":11651.72},
{"name":"Jinshan","population":508458,"area":10146.19},
{"name":"Fazenda de Santa Cruz","population":200311,"area":16136.11},
{"name":"Shofirkon","population":503135,"area":3753.42},
{"name":"Budapest","population":782735,"area":1127.28},
{"name":"Tumbagaan","population":486350,"area":17015.54},
{"name":"Sidi Redouane","population":966020,"area":1151.02},
{"name":"Il’ichëvo","population":179572,"area":1345.52},
{"name":"Malhão","population":469994,"area":2314.44},
{"name":"Cotia","population":981304,"area":3476.7},
{"name":"Duobao","population":257554,"area":9200.36},
{"name":"Kayangel","population":185360,"area":8775.83},
{"name":"Waoundé","population":763604,"area":4163.26},
{"name":"Curuzú Cuatiá","population":532165,"area":3679.07},
{"name":"Lyon","population":763910,"area":1973.9},
{"name":"Neglasari","population":304912,"area":7800.26},
{"name":"Mönchengladbach","population":674079,"area":10681.97},
{"name":"Seredyna-Buda","population":706101,"area":4189.46},
{"name":"Seremban","population":307043,"area":16015.3},
{"name":"Maracay","population":316870,"area":6184.71},
{"name":"Tentúgal","population":925187,"area":19676.91},
{"name":"Fiais da Beira","population":59194,"area":9453.41},
{"name":"Colegiales","population":810660,"area":2001.76},
{"name":"Tomarovka","population":372179,"area":8098.12},
{"name":"Guanting","population":307046,"area":13968.65},
{"name":"Xindeng","population":816616,"area":11466.35},
{"name":"Bi’r al ‘Abd","population":106776,"area":12389.02},
{"name":"Xike","population":443737,"area":5560.53},
{"name":"Bizhbulyak","population":947071,"area":12203.65},
{"name":"Beidu","population":772389,"area":18497.77},
{"name":"Orodara","population":459668,"area":7357.35},
{"name":"Dabaozi","population":909876,"area":6994.61},
{"name":"Itatinga","population":267559,"area":18195.08},
{"name":"Santa Bárbara","population":812046,"area":14823.31},
{"name":"Bonoua","population":359336,"area":6752.3},
{"name":"Kuroishi","population":248229,"area":1045.34},
{"name":"Chenjiatan","population":11961,"area":1370.2},
{"name":"Kazlų Rūda","population":973886,"area":5278.48},
{"name":"Shuizhai","population":635008,"area":17491.17},
{"name":"Mrganush","population":285319,"area":8407.18},
{"name":"Nawal","population":622206,"area":4077.82},
{"name":"Kommunar","population":9112,"area":923.6},
{"name":"Sindangsari","population":418594,"area":10243.35},
{"name":"Sioah","population":124449,"area":18871.14},
{"name":"Hrtkovci","population":648044,"area":3272.96},
{"name":"Zavolzh’ye","population":765717,"area":5370.82},
{"name":"Baitu","population":134732,"area":11303.86},
{"name":"Arys","population":946735,"area":11925.48},
{"name":"La Unión","population":917132,"area":3769.63},
{"name":"Matanzas","population":712878,"area":4098.63},
{"name":"Kill","population":77478,"area":8206.83},
{"name":"Zwolle","population":606318,"area":10554.6},
{"name":"Dubovka","population":978725,"area":2086.31},
{"name":"Baranovichi","population":338209,"area":10359.8},
{"name":"Beirut","population":253160,"area":10519.88},
{"name":"Rio Negro","population":30687,"area":15634.12},
{"name":"Florencio Varela","population":42233,"area":16542.12},
{"name":"Smithers","population":307396,"area":9383.2},
{"name":"Toong","population":672396,"area":857.53},
{"name":"Concord","population":637394,"area":7265.88},
{"name":"Dukay","population":930694,"area":12956.73},
{"name":"Fullerton","population":625557,"area":14569.71},
{"name":"Iwai","population":697112,"area":6119.08},
{"name":"Abu Dhabi","population":196719,"area":14517.19},
{"name":"Qingfenglin","population":396141,"area":2485.44},
{"name":"São Jerônimo","population":486979,"area":4229.78},
{"name":"Lucapa","population":310536,"area":3246.32},
{"name":"Marigot","population":669865,"area":4086.95},
{"name":"Tangalla","population":268007,"area":7553.23},
{"name":"Nizhnyaya Tura","population":621643,"area":19390.87},
{"name":"Sotteville-lès-Rouen","population":312894,"area":2945.96},
{"name":"Abaetetuba","population":864975,"area":15438.67},
{"name":"Lārkāna","population":214348,"area":16741.86},
{"name":"Kao Liao","population":105713,"area":1721.47},
{"name":"Nambalan","population":8900,"area":19218.21},
{"name":"Callanca","population":872800,"area":1630.99},
{"name":"Metz","population":709450,"area":17560.61},
{"name":"Hekou","population":269046,"area":14463.91},
{"name":"Hässleholm","population":502720,"area":11391.36},
{"name":"Coxim","population":433967,"area":19816.9},
{"name":"Minshan","population":376179,"area":5744.09},
{"name":"Songjiang","population":740449,"area":16646.93},
{"name":"Magsaysay","population":301239,"area":14438.97},
{"name":"Horad Rechytsa","population":187584,"area":7377.58},
{"name":"Stockholm","population":641082,"area":5565.12},
{"name":"Dunmanway","population":743456,"area":17898.5},
{"name":"Odzi","population":328866,"area":17742.79},
{"name":"Xigebi","population":886251,"area":205.32},
{"name":"Cemara","population":204694,"area":12959.89},
{"name":"Pajé","population":975007,"area":15137.18},
{"name":"Tangyu","population":827770,"area":12261.8},
{"name":"Bojnik","population":38124,"area":16340.15},
{"name":"Banovo Polje","population":113340,"area":5417.57},
{"name":"Antsiranana","population":268993,"area":4312.91},
{"name":"Żabno","population":851225,"area":5754.11},
{"name":"Matozinhos","population":137969,"area":563.82},
{"name":"Ikedachō","population":691575,"area":17922.98},
{"name":"Martingança","population":729394,"area":673.65},
{"name":"Tabon","population":261147,"area":16221.33},
{"name":"Itaporanga","population":550127,"area":1585.2},
{"name":"La Garde","population":37961,"area":5175.15},
{"name":"Palencia","population":388595,"area":513.8},
{"name":"Portet-sur-Garonne","population":500131,"area":19156.23},
{"name":"Shevchenkove","population":978750,"area":13675.39},
{"name":"Łużna","population":929774,"area":19645.21},
{"name":"Tambakrejo","population":50488,"area":4161.14},
{"name":"Efkarpía","population":918090,"area":9015.0},
{"name":"Pagangan","population":960991,"area":6290.66},
{"name":"Doumé","population":317392,"area":13716.04},
{"name":"Novobiryusinskiy","population":196699,"area":6597.02},
{"name":"Norfolk","population":291142,"area":12985.54},
{"name":"Novallas","population":510634,"area":3291.64},
{"name":"Gennevilliers","population":810134,"area":8921.4},
{"name":"Martin","population":902076,"area":11106.85},
{"name":"Oytal","population":399101,"area":14674.26},
{"name":"Tandzut","population":888087,"area":17056.97},
{"name":"Sergiyev Posad","population":359457,"area":7633.03},
{"name":"Zhuyang","population":143428,"area":11525.03},
{"name":"Myrnyy","population":988583,"area":16489.99},
{"name":"Boden","population":415118,"area":489.83},
{"name":"Galutu","population":977826,"area":17646.27},
{"name":"Krueng Luak","population":763153,"area":11638.44},
{"name":"Rote","population":721685,"area":1473.13},
{"name":"Belyy Yar","population":934951,"area":10443.7},
{"name":"Nakasongola","population":642149,"area":2547.73},
{"name":"Khuean Ubonrat","population":804293,"area":19432.08},
{"name":"Wuxia","population":477791,"area":12067.6},
{"name":"Hohhot","population":837363,"area":15292.39},
{"name":"Cibinong Satu","population":774606,"area":14362.66},
{"name":"Doetinchem","population":884524,"area":3751.63},
{"name":"Manzini","population":114701,"area":17400.69},
{"name":"Castêlo","population":286671,"area":18055.84},
{"name":"Oni","population":452845,"area":14865.24},
{"name":"Rajadesa","population":939654,"area":12997.42},
{"name":"Cijayana","population":962804,"area":19188.02},
{"name":"Shijiao","population":524002,"area":9970.36},
{"name":"Hidalgo","population":715614,"area":5881.84},
{"name":"El Bagre","population":925367,"area":7741.0},
{"name":"Tonjongsari","population":378231,"area":19877.92},
{"name":"Trenton","population":424622,"area":13293.16},
{"name":"Trai Ngau","population":259814,"area":6848.17},
{"name":"Yandun","population":78838,"area":12082.71},
{"name":"Ucluelet","population":961980,"area":6742.85},
{"name":"San Luis","population":955892,"area":9685.42},
{"name":"Sumberejo","population":22043,"area":2566.19},
{"name":"Kushovë","population":878518,"area":2135.56},
{"name":"Obsharovka","population":517288,"area":15641.05},
{"name":"Kristinehamn","population":289336,"area":14798.98},
{"name":"Bartsrashen","population":333986,"area":8738.5},
{"name":"Cahuacho","population":466351,"area":17506.49},
{"name":"Garmeh","population":68431,"area":4900.62},
{"name":"San Luis","population":910526,"area":10123.54},
{"name":"Dongting","population":778979,"area":11548.8},
{"name":"Fteliá","population":185328,"area":13506.3},
{"name":"Mulchén","population":853585,"area":12170.29},
{"name":"Suicheng","population":254836,"area":9581.57},
{"name":"Yên Bái","population":497213,"area":12446.68},
{"name":"Yuxi","population":583855,"area":3870.07},
{"name":"Dniprovka","population":946769,"area":17229.86},
{"name":"Chancay","population":210751,"area":431.96},
{"name":"Estrada","population":920253,"area":15488.64},
{"name":"Heřmanova Huť","population":100190,"area":15148.46},
{"name":"Suncheon","population":404578,"area":12771.21},
{"name":"Sadovo","population":705904,"area":16526.66},
{"name":"Ningshan Chengguanzhen","population":788554,"area":11888.38},
{"name":"Gio Linh","population":562282,"area":3673.65},
{"name":"Maubasa","population":214990,"area":8099.94},
{"name":"Hengxi","population":838994,"area":8935.49},
{"name":"Talisay","population":961128,"area":1848.05},
{"name":"Thị Trấn Mộc Châu","population":225285,"area":19285.95},
{"name":"Xiong’erzhai","population":934133,"area":14193.96},
{"name":"Kenarilang","population":671970,"area":12868.47},
{"name":"Krajan Jamprong","population":816857,"area":16362.72},
{"name":"Shangganshan","population":725379,"area":11911.14},
{"name":"Feicheng","population":81094,"area":19807.59},
{"name":"Dehī","population":447282,"area":4668.17},
{"name":"Haiyangsuo","population":97461,"area":15615.23},
{"name":"Miaoshi","population":196750,"area":10666.21},
{"name":"Blagodatnoye","population":681189,"area":5260.39},
{"name":"Jadho","population":302792,"area":404.62},
{"name":"Omaha","population":757251,"area":9559.34},
{"name":"Medina","population":183408,"area":10741.82},
{"name":"Kozova","population":451263,"area":2138.88},
{"name":"Berlin","population":184859,"area":9829.9},
{"name":"Trinidad","population":849001,"area":16092.03},
{"name":"Oliveiras","population":169658,"area":16998.07},
{"name":"Camargo","population":519526,"area":2492.45},
{"name":"Podhum","population":312782,"area":12062.15},
{"name":"Kudowa-Zdrój","population":763028,"area":12888.92},
{"name":"Wielki Kack","population":637916,"area":2549.78},
{"name":"Washington","population":679704,"area":5985.88},
{"name":"Chhāgalnāiya","population":590324,"area":9772.96},
{"name":"Bystřany","population":424587,"area":4524.54},
{"name":"Sernancelhe","population":811930,"area":8720.46},
{"name":"Dobrzeń Wielki","population":278358,"area":14343.61},
{"name":"Baylo","population":934390,"area":13443.01},
{"name":"Zebrzydowice","population":221785,"area":6564.96},
{"name":"Cachoeira","population":64340,"area":1825.13},
{"name":"Sumber","population":254623,"area":1944.29},
{"name":"Zavitinsk","population":105111,"area":3930.93},
{"name":"Naha-shi","population":291780,"area":1153.42},
{"name":"Songculan","population":16581,"area":4224.75},
{"name":"Evxinoúpolis","population":161179,"area":3655.58},
{"name":"Independencia","population":376722,"area":2927.47},
{"name":"Yi’an","population":706171,"area":1747.2},
{"name":"Nanterre","population":322219,"area":6663.68},
{"name":"Virolahti","population":457441,"area":4436.22},
{"name":"Mugumu","population":961408,"area":18092.05},
{"name":"Karlskoga","population":212687,"area":5408.2},
{"name":"Morangis","population":139143,"area":15847.6},
{"name":"Elbasan","population":84084,"area":9130.78},
{"name":"Thành Phố Nam Định","population":156996,"area":641.77},
{"name":"Junchuan","population":144046,"area":15941.71},
{"name":"Kylmäkoski","population":167385,"area":1668.81},
{"name":"Cloyne","population":732851,"area":7429.95},
{"name":"Bāfq","population":669962,"area":11188.13},
{"name":"Corinto","population":375054,"area":2272.43},
{"name":"Itaquyry","population":249671,"area":13141.1},
{"name":"Tymoshivka","population":690069,"area":1508.88},
{"name":"Lingyang","population":570854,"area":8272.97},
{"name":"Ferapontovo","population":842228,"area":13745.68},
{"name":"Winong","population":540374,"area":4671.63},
{"name":"Bassar","population":439552,"area":3366.16},
{"name":"Bugembe","population":377175,"area":9119.47},
{"name":"Jiangxigou","population":805139,"area":2493.1},
{"name":"Próchoma","population":602625,"area":13805.45},
{"name":"Novodvinsk","population":73098,"area":10614.0},
{"name":"Ilmajoki","population":592460,"area":11946.21},
{"name":"Mporokoso","population":569947,"area":2576.21},
{"name":"Carlos Casares","population":876831,"area":17023.66},
{"name":"Santa Maria","population":739944,"area":6786.89},
{"name":"Reguenga","population":598258,"area":17150.5},
{"name":"Manaoag","population":642698,"area":2054.24},
{"name":"Sośnie","population":922892,"area":1559.38},
{"name":"Yangjiao","population":32510,"area":4665.04},
{"name":"Chencun","population":362497,"area":1243.38},
{"name":"Gobernador Ingeniero Valentín Virasoro","population":205660,"area":3150.19},
{"name":"Pagak","population":148450,"area":5357.2},
{"name":"Sobotka","population":38743,"area":8719.28},
{"name":"Tōgane","population":445050,"area":19130.16},
{"name":"Ludishan","population":953338,"area":17083.32},
{"name":"Betaf","population":584562,"area":15611.64},
{"name":"Shostka","population":258808,"area":1541.74},
{"name":"Tlogowetan","population":94761,"area":1009.15},
{"name":"Masipi West","population":307210,"area":12976.58},
{"name":"Fuenlabrada","population":837211,"area":11626.65},
{"name":"Velká Bíteš","population":278932,"area":3924.23},
{"name":"Moita","population":299618,"area":6319.5},
{"name":"Tsybli","population":443887,"area":14331.29},
{"name":"Porto União","population":400384,"area":10313.43},
{"name":"Sabanitas","population":60790,"area":1889.09},
{"name":"Gourcy","population":931214,"area":11175.52},
{"name":"Sanlicheng","population":178043,"area":15039.18},
{"name":"Nîmes","population":39243,"area":9772.85},
{"name":"Bené Beraq","population":898318,"area":16850.37},
{"name":"Mortka","population":765454,"area":1430.5},
{"name":"Vostryakovo","population":154646,"area":18194.6},
{"name":"Huangzhou","population":555687,"area":14279.18},
{"name":"Pirallahı","population":358178,"area":13886.09},
{"name":"Lameira","population":307479,"area":12397.18},
{"name":"Dalam","population":356531,"area":14023.99},
{"name":"Dubreuil","population":109469,"area":17136.82},
{"name":"Loakulu","population":946308,"area":17438.04},
{"name":"Amarillo","population":466813,"area":15907.99},
{"name":"Wieczfnia Kościelna","population":65927,"area":7143.1},
{"name":"Hodoš","population":887382,"area":17342.65},
{"name":"Khalopyenichy","population":876014,"area":18081.21},
{"name":"Chichigalpa","population":578638,"area":11056.2},
{"name":"Bela Vista do Paraíso","population":91985,"area":9890.39},
{"name":"Palaífyto","population":527180,"area":13130.37},
{"name":"Shazi","population":55636,"area":5872.09},
{"name":"Jardim do Seridó","population":509842,"area":16526.47},
{"name":"Woro","population":317640,"area":15467.77},
{"name":"Bongbong","population":647252,"area":1887.81},
{"name":"Dortmund","population":832151,"area":10600.06},
{"name":"Chruszczobród","population":765243,"area":17263.19},
{"name":"Staritsa","population":96041,"area":17974.07},
{"name":"Gurung","population":453357,"area":10531.43},
{"name":"São Sebastião do Passé","population":212108,"area":9074.15},
{"name":"Hongshan","population":241914,"area":11936.01},
{"name":"Zhaxi","population":727931,"area":203.46},
{"name":"Melaka","population":67922,"area":8381.21},
{"name":"Anle","population":63414,"area":9157.57},
{"name":"Huyang","population":770680,"area":14671.7},
{"name":"Parrsboro","population":120321,"area":10098.06},
{"name":"Mogotes","population":69799,"area":7389.81},
{"name":"Monrovia","population":978925,"area":12236.26},
{"name":"Qiawan","population":856608,"area":19626.62},
{"name":"Lipovci","population":921149,"area":15494.66},
{"name":"Sangba","population":351376,"area":18073.62},
{"name":"Polzela","population":365520,"area":17700.21},
{"name":"Tatrang","population":82275,"area":16780.25},
{"name":"Winnipeg","population":172191,"area":12003.75},
{"name":"Shah Alam","population":63655,"area":19513.53},
{"name":"Hrob","population":142238,"area":10948.79},
{"name":"El Paso","population":811131,"area":15260.61},
{"name":"Kaeng Khro","population":948634,"area":18951.31},
{"name":"Āsbe Teferī","population":49976,"area":13421.47},
{"name":"Sanjian","population":757301,"area":14660.1},
{"name":"Feričanci","population":309836,"area":13588.7},
{"name":"Bala Murghab","population":942626,"area":19142.84},
{"name":"Qingsong","population":86493,"area":19862.39},
{"name":"Rudna","population":426275,"area":17641.65},
{"name":"Tianta","population":34273,"area":17236.44},
{"name":"Buawan","population":172649,"area":12588.41},
{"name":"Hanfeng","population":432930,"area":4553.02},
{"name":"Malangabang","population":302354,"area":12258.86},
{"name":"Saihan Tal","population":590657,"area":7028.26},
{"name":"Celeirós","population":226943,"area":9156.62},
{"name":"Datong","population":764361,"area":8170.7},
{"name":"Despotovac","population":657692,"area":16190.03},
{"name":"Jajarkrajan","population":696597,"area":13460.82},
{"name":"Niort","population":588175,"area":9036.95},
{"name":"Suphan Buri","population":516169,"area":1762.93},
{"name":"Orlovat","population":886491,"area":1000.77},
{"name":"Rosso","population":595809,"area":7176.72},
{"name":"Muyinga","population":471097,"area":15321.94},
{"name":"Chuoyuan","population":131275,"area":17574.72},
{"name":"Khodasy","population":722183,"area":7895.67},
{"name":"Longquan","population":72402,"area":3248.71},
{"name":"Al Jaghbūb","population":246472,"area":5861.29},
{"name":"Ghurayd Gharamē","population":881482,"area":11344.02},
{"name":"Oslo","population":182452,"area":10468.32},
{"name":"Zaytā","population":3794,"area":16597.2},
{"name":"Drenova","population":842405,"area":17416.78},
{"name":"Praia da Tocha","population":927608,"area":3423.54},
{"name":"Huangcun","population":677860,"area":13896.39},
{"name":"Yurkivka","population":825787,"area":8274.45},
{"name":"Anyang","population":697931,"area":10575.18},
{"name":"Guadalupe Victoria","population":142798,"area":17077.73},
{"name":"Salzburg","population":221098,"area":15510.94},
{"name":"Bizana","population":372192,"area":11037.76},
{"name":"Oelui","population":205565,"area":16560.84},
{"name":"Nuga","population":48003,"area":12464.09},
{"name":"Vingåker","population":218583,"area":4033.36},
{"name":"Boise","population":652215,"area":5680.14},
{"name":"Kibara","population":860529,"area":4162.85},
{"name":"Fuxi","population":920655,"area":1827.63},
{"name":"Banyuresmi","population":466671,"area":13258.11},
{"name":"Desa Margaluyu","population":413141,"area":11115.57},
{"name":"Arklow","population":334100,"area":821.64},
{"name":"Quitilipi","population":820954,"area":4456.0},
{"name":"Aserrío de Gariché","population":3457,"area":11910.49},
{"name":"Ciparasi","population":600767,"area":17080.72},
{"name":"Xitan","population":40931,"area":12722.74},
{"name":"Jintan","population":102938,"area":12286.67},
{"name":"Shadrinsk","population":14174,"area":8419.1},
{"name":"Stebnyk","population":380836,"area":16535.12},
{"name":"Linggamanik","population":294715,"area":222.09},
{"name":"Mae Sot","population":226167,"area":7938.49},
{"name":"Newark","population":356332,"area":9247.57},
{"name":"Waru Selatan","population":452317,"area":3473.13},
{"name":"Neuzina","population":454091,"area":16557.7},
{"name":"Gongchenqiao","population":989193,"area":15224.31},
{"name":"Punta de Bombón","population":389789,"area":9787.47},
{"name":"Falun","population":109566,"area":1594.02},
{"name":"Радовиш","population":763871,"area":8603.19},
{"name":"Darpas","population":705087,"area":14103.32},
{"name":"Sapat","population":221162,"area":6878.45},
{"name":"Chinchaypujio","population":771382,"area":15977.64},
{"name":"Kampungtengah","population":652694,"area":13077.45},
{"name":"Tangchijie","population":110113,"area":13746.27},
{"name":"Ljungby","population":22669,"area":7226.18},
{"name":"Zhouji","population":554471,"area":3138.03},
{"name":"Yushanpu","population":730105,"area":15029.14},
{"name":"Coromandel","population":381013,"area":15914.29},
{"name":"Tanda","population":446908,"area":18093.28},
{"name":"Antsohimbondrona","population":305527,"area":2138.84},
{"name":"Keta","population":223066,"area":19857.8},
{"name":"Chernyanka","population":26348,"area":6117.8},
{"name":"Fredericton","population":262617,"area":1987.8},
{"name":"Spétses","population":725342,"area":3633.86},
{"name":"San Justo","population":812278,"area":4020.19},
{"name":"Harbutowice","population":632598,"area":11432.75},
{"name":"Lijiazui","population":544699,"area":18199.55},
{"name":"Paprotnia","population":463260,"area":6115.88},
{"name":"Libofshë","population":711154,"area":9694.33},
{"name":"Sloboda","population":475402,"area":15547.36},
{"name":"Yatunpu","population":564600,"area":10668.82},
{"name":"Trzciana","population":482615,"area":3578.21},
{"name":"Reina Mercedes","population":702096,"area":4040.7},
{"name":"Gotse Delchev","population":651493,"area":10990.8},
{"name":"Nahuo","population":535272,"area":17050.0},
{"name":"Gostilitsy","population":587065,"area":6335.24},
{"name":"Aguas del Padre","population":999237,"area":4297.44},
{"name":"G‘azalkent","population":845317,"area":3812.91},
{"name":"Pancanagara","population":57110,"area":16551.03},
{"name":"Ibabang Tayuman","population":814297,"area":17253.01},
{"name":"Kapsan-ŭp","population":236469,"area":8038.97},
{"name":"Diriá","population":170406,"area":17479.05},
{"name":"Dasol","population":535559,"area":3289.25},
{"name":"Wolomarang","population":262884,"area":18017.39},
{"name":"Shymkent","population":985142,"area":17143.12},
{"name":"Vårby","population":67795,"area":1182.51},
{"name":"Horad Smalyavichy","population":836523,"area":2018.6},
{"name":"Maghār","population":507810,"area":12195.78},
{"name":"Tireman Timur","population":702152,"area":17272.49},
{"name":"Cirangkong","population":228488,"area":13731.09},
{"name":"Lihu","population":475403,"area":6312.4},
{"name":"Kizhinga","population":739217,"area":7394.0},
{"name":"Tecpán Guatemala","population":235567,"area":18680.66},
{"name":"Hanfeng","population":451823,"area":8548.18},
{"name":"El Corozo","population":206366,"area":6757.31},
{"name":"Caoping","population":105864,"area":13970.31},
{"name":"Repentigny","population":91580,"area":17214.45},
{"name":"Yangshufang","population":802468,"area":8070.78},
{"name":"Chengdong","population":798167,"area":9121.81},
{"name":"Cevicos","population":520923,"area":4086.56},
{"name":"Ulyanovsk","population":439191,"area":3905.4},
{"name":"Jajawai","population":946035,"area":9668.42},
{"name":"Kōnosu","population":395075,"area":7087.51},
{"name":"Santa Maria","population":109188,"area":14194.98},
{"name":"Sagae","population":229787,"area":9842.97},
{"name":"Al Ḩudaydah","population":487352,"area":9674.02},
{"name":"Kuruman","population":278447,"area":12083.51},
{"name":"Đống Đa","population":955348,"area":11259.2},
{"name":"Wielichowo","population":208291,"area":11118.17},
{"name":"Créteil","population":223679,"area":10119.4},
{"name":"Huangshi","population":210756,"area":13760.79},
{"name":"Bol’shoye Selo","population":835185,"area":8671.94},
{"name":"Kiszkowo","population":86754,"area":12595.58},
{"name":"Eg","population":647888,"area":2378.91},
{"name":"Hongqi","population":41055,"area":4193.84},
{"name":"El Paso","population":66670,"area":7649.1},
{"name":"Bailang","population":292189,"area":18972.92},
{"name":"Hufang","population":123978,"area":6283.65},
{"name":"Nemyriv","population":755237,"area":17246.54},
{"name":"Limushan","population":39845,"area":17514.14},
{"name":"Devesa","population":661286,"area":335.78},
{"name":"Bauan","population":200459,"area":4076.52},
{"name":"Eshan","population":388782,"area":2157.71},
{"name":"Aimorés","population":395710,"area":6482.88},
{"name":"Köyliö","population":14645,"area":1287.94},
{"name":"Sigayevo","population":341326,"area":11103.9},
{"name":"Sampaloc","population":961235,"area":7157.8},
{"name":"London","population":761562,"area":13113.58},
{"name":"Poste du Lac","population":652333,"area":590.24},
{"name":"Rosario de Mora","population":696045,"area":900.41},
{"name":"Panggungsari","population":301834,"area":19296.49},
{"name":"Ximei","population":786703,"area":2186.99},
{"name":"Zhoushan","population":18350,"area":7581.46},
{"name":"Chuanshan","population":464815,"area":1358.01},
{"name":"Abades","population":978303,"area":1420.55},
{"name":"Deskáti","population":868897,"area":11893.43},
{"name":"Ili","population":10085,"area":15541.72},
{"name":"Nizhniy Kislyay","population":98360,"area":16337.32},
{"name":"Chiclayo","population":49277,"area":16034.69},
{"name":"Cliza","population":989077,"area":6653.34},
{"name":"Kańczuga","population":776106,"area":13243.28},
{"name":"San Diego","population":409649,"area":19485.1},
{"name":"Yixi","population":404821,"area":2908.06},
{"name":"Lamalera","population":948634,"area":2078.81},
{"name":"Uppsala","population":256201,"area":5836.06},
{"name":"Dežanovac","population":461449,"area":18588.49},
{"name":"La Paz","population":514032,"area":9526.48},
{"name":"Tangxia","population":282116,"area":5757.15},
{"name":"Na Muen","population":853752,"area":18047.47},
{"name":"Cincinnati","population":859541,"area":13749.28},
{"name":"Yangong","population":455612,"area":2709.69},
{"name":"Bordeaux","population":646221,"area":11577.88},
{"name":"Pengwan","population":301240,"area":10967.84},
{"name":"Tanjungjaya","population":902874,"area":11920.59},
{"name":"Boulogne-Billancourt","population":875076,"area":18262.96},
{"name":"Qionghu","population":657068,"area":13761.57},
{"name":"Póvoa","population":13541,"area":8433.92},
{"name":"Borgustanskaya","population":45724,"area":4494.42},
{"name":"Isiolo","population":802252,"area":17677.72},
{"name":"Wintzenheim","population":446030,"area":4652.57},
{"name":"Smolino","population":54342,"area":10273.46},
{"name":"Río Cuarto","population":171698,"area":15698.63},
{"name":"Budapest","population":9299,"area":7770.24},
{"name":"Camp Diable","population":551944,"area":9992.07},
{"name":"Banos","population":654669,"area":16772.54},
{"name":"Jerusalem","population":636024,"area":17699.43},
{"name":"Cibiru","population":491177,"area":17217.85},
{"name":"Strazhitsa","population":543928,"area":1152.89},
{"name":"Kaynardzha","population":963218,"area":10743.59},
{"name":"Petite Rivière de Nippes","population":292321,"area":17656.85},
{"name":"Sainte-Thérèse","population":491656,"area":4285.51},
{"name":"Mrkonjić Grad","population":200666,"area":898.57},
{"name":"Xinglong","population":155250,"area":12890.92},
{"name":"Rongxiang","population":196003,"area":10399.62},
{"name":"Rîbniţa","population":591457,"area":12254.27},
{"name":"Koper","population":64244,"area":1900.13},
{"name":"Sinamar","population":423888,"area":13301.54},
{"name":"Beruniy","population":147404,"area":15666.39},
{"name":"Ungheni","population":966359,"area":13150.8},
{"name":"San Jose","population":213622,"area":14519.23},
{"name":"Dongbatu","population":164682,"area":12403.71},
{"name":"Temizhbekskaya","population":705112,"area":13570.15},
{"name":"Shinkafe","population":5620,"area":9251.78},
{"name":"Igarapava","population":50079,"area":12917.37},
{"name":"Askim","population":426150,"area":12654.31},
{"name":"Xinpo","population":461489,"area":16502.59},
{"name":"Camabatela","population":990074,"area":2271.74},
{"name":"Weishan","population":948721,"area":3393.53},
{"name":"Anda","population":939229,"area":13370.26},
{"name":"Grazhdanka","population":220385,"area":19307.0},
{"name":"Mbala","population":211048,"area":7141.74},
{"name":"Uppsala","population":347302,"area":12515.44},
{"name":"Tembilahan","population":766022,"area":9241.83},
{"name":"Eschweiler","population":293865,"area":10694.21},
{"name":"Sangojar","population":664975,"area":14824.22},
{"name":"Neftegorsk","population":2545,"area":165.2},
{"name":"Puszczykowo","population":526885,"area":563.17},
{"name":"Banī an Nahārī","population":119088,"area":6408.13},
{"name":"Vila Maior","population":312716,"area":4104.66},
{"name":"Támara","population":184662,"area":9729.82},
{"name":"Kapuan","population":775088,"area":8764.39},
{"name":"Shalakusha","population":241418,"area":11262.15},
{"name":"Loandjili","population":973514,"area":7094.36},
{"name":"Zghartā","population":402719,"area":5275.48},
{"name":"Lomé","population":578581,"area":2463.11},
{"name":"Newport","population":421783,"area":7955.11},
{"name":"Mengyin","population":748631,"area":18468.99},
{"name":"Szolnok","population":239485,"area":9079.55},
{"name":"Hats’avan","population":545885,"area":17838.82},
{"name":"Tōkamachi","population":317494,"area":19134.98},
{"name":"Bianzhuang","population":940308,"area":3674.59},
{"name":"Huamu","population":476656,"area":2220.7},
{"name":"Daji","population":562561,"area":13179.1},
{"name":"Yemva","population":135595,"area":8856.89},
{"name":"Dillenburg","population":365850,"area":18764.07},
{"name":"Kefar Tavor","population":180409,"area":7609.63},
{"name":"Bunia","population":896525,"area":17359.37},
{"name":"Char Bhadrāsan","population":797947,"area":16994.07},
{"name":"Sidaohezi","population":273419,"area":2619.47},
{"name":"Sang-e Māshah","population":117031,"area":9693.62},
{"name":"Guingamp","population":543118,"area":10534.11},
{"name":"Masjed Soleymān","population":999844,"area":5476.95},
{"name":"Širvintos","population":101868,"area":1345.64},
{"name":"Aquiraz","population":174011,"area":7748.87},
{"name":"Savannah","population":21860,"area":14257.49},
{"name":"Al Bājūr","population":505138,"area":4367.24},
{"name":"Jinshanpu","population":205215,"area":14990.63},
{"name":"Wu’erqihan","population":45048,"area":17608.76},
{"name":"Azogues","population":563694,"area":19584.81},
{"name":"Banjar Dukuh","population":153004,"area":5304.11},
{"name":"Kobyzhcha","population":756051,"area":10466.04},
{"name":"Pimbalayan","population":310631,"area":7126.27},
{"name":"Sifala","population":718060,"area":11305.94},
{"name":"Myasnikyan","population":513589,"area":7678.31},
{"name":"Stockholm","population":856515,"area":6164.9},
{"name":"Jiangning","population":942712,"area":16429.15},
{"name":"Daya","population":807130,"area":9175.76},
{"name":"Vinhedo","population":130664,"area":14380.51},
{"name":"Conchopata","population":163220,"area":9481.81},
{"name":"Huiwan","population":509869,"area":5873.79},
{"name":"Gaotai","population":110222,"area":16713.33},
{"name":"Fangxi","population":314967,"area":12529.9},
{"name":"Maxiao","population":4680,"area":8076.52},
{"name":"Zhangshi","population":434086,"area":10675.68},
{"name":"Jiling","population":560907,"area":10043.08},
{"name":"Casal de Cambra","population":654900,"area":15590.43},
{"name":"Huntsville","population":300718,"area":968.92},
{"name":"Zhangjiabao","population":544482,"area":13269.28},
{"name":"Guaduas","population":780700,"area":4652.42},
{"name":"Dongting","population":945869,"area":11082.87},
{"name":"Kesabpur","population":768522,"area":8897.69},
{"name":"Brdów","population":502850,"area":16481.41},
{"name":"Raša","population":46213,"area":528.18},
{"name":"Dubti","population":432009,"area":17800.45},
{"name":"Dimbokro","population":22461,"area":19725.5},
{"name":"Mirzāpur","population":663171,"area":9558.16},
{"name":"Mawang","population":189361,"area":8157.99},
{"name":"Pawing","population":29543,"area":3436.94},
{"name":"Daidaon","population":393022,"area":15561.74},
{"name":"Taldykorgan","population":551507,"area":6617.99},
{"name":"Bonoua","population":962661,"area":18240.65},
{"name":"Mae Wang","population":975254,"area":11346.79},
{"name":"Jiucaizhuang","population":10025,"area":14995.85},
{"name":"Ciorescu","population":26649,"area":2400.01},
{"name":"Netishyn","population":495430,"area":5989.92},
{"name":"Chetian","population":819255,"area":5799.22},
{"name":"Muzambinho","population":102602,"area":4772.38},
{"name":"Akoupé","population":726648,"area":14259.82},
{"name":"Tengjia","population":467459,"area":9977.73},
{"name":"San Luis","population":468017,"area":8743.54},
{"name":"Banyliv","population":620564,"area":3966.77},
{"name":"Santana do Paraíso","population":180802,"area":15837.52},
{"name":"Machov","population":175027,"area":1506.72},
{"name":"Młynary","population":448951,"area":178.23},
{"name":"Caála","population":852244,"area":11021.86},
{"name":"Eslöv","population":180632,"area":206.58},
{"name":"El Hamma","population":579893,"area":10857.73},
{"name":"Tangkolo","population":754065,"area":10766.67},
{"name":"Rennes","population":850818,"area":12076.44},
{"name":"Zhuangta","population":630091,"area":5372.09},
{"name":"Kuala Lumpur","population":374418,"area":14483.31},
{"name":"San Bernardo","population":563724,"area":12664.87},
{"name":"Amboasary","population":534846,"area":7306.19},
{"name":"Al Manqaf","population":566144,"area":19225.58},
{"name":"Kalipucang","population":552651,"area":2426.65},
{"name":"Zgłobień","population":425810,"area":12122.79},
{"name":"Elektrėnai","population":582113,"area":16511.29},
{"name":"Zagreb - Centar","population":38492,"area":19875.38},
{"name":"Planaltina","population":53571,"area":17140.71},
{"name":"Bella Vista","population":774265,"area":18765.6},
{"name":"Kuroiso","population":500622,"area":9811.83},
{"name":"Radamata","population":238003,"area":18941.99},
{"name":"Huangjindong","population":677501,"area":18108.59},
{"name":"Yangping","population":473735,"area":10988.34},
{"name":"Vysokovsk","population":35100,"area":5852.62},
{"name":"Palmeira","population":707422,"area":15767.17},
{"name":"Igang","population":617440,"area":11384.62},
{"name":"Sendafa","population":283870,"area":5507.93},
{"name":"Poykovskiy","population":800437,"area":18775.67},
{"name":"Weston","population":973378,"area":4279.22},
{"name":"Ribnica na Pohorju","population":264132,"area":6413.09},
{"name":"Sruki","population":757238,"area":8784.88},
{"name":"Marianowo","population":213775,"area":3027.95},
{"name":"Bálsamo Oriental","population":607768,"area":5324.71},
{"name":"Fraile Pintado","population":452719,"area":3114.55},
{"name":"Noginsk-9","population":221310,"area":8516.26},
{"name":"Sozopol","population":606329,"area":18349.54},
{"name":"Santa Quitéria do Maranhão","population":984652,"area":1396.99},
{"name":"Pouso Alegre","population":955527,"area":5786.91},
{"name":"Kota Bharu","population":784003,"area":9264.78},
{"name":"Kubangkondang","population":191953,"area":11679.3},
{"name":"Padurung","population":975173,"area":5979.38},
{"name":"Thị Trấn Nước Hai","population":683670,"area":13903.72},
{"name":"Ledeunu","population":929746,"area":16604.86},
{"name":"Gwaram","population":987253,"area":7857.87},
{"name":"Yingkeng","population":980308,"area":18349.26},
{"name":"Novi Šeher","population":746460,"area":10215.4},
{"name":"Dashiren","population":388883,"area":9380.86},
{"name":"Lower Hutt","population":411875,"area":5426.59},
{"name":"Banda Layung","population":374939,"area":13032.8},
{"name":"Zyryanovsk","population":160740,"area":14058.73},
{"name":"Wright","population":932878,"area":16201.48},
{"name":"Lagayan","population":731359,"area":19167.66},
{"name":"Alphen aan den Rijn","population":204120,"area":3991.46},
{"name":"Foros do Trapo","population":653937,"area":16022.31},
{"name":"Notsé","population":96832,"area":3781.69},
{"name":"Cartagena","population":73850,"area":6148.4},
{"name":"Frederiksberg","population":768071,"area":10841.7},
{"name":"Mikulčice","population":807637,"area":16214.05},
{"name":"Lukashin","population":148645,"area":11346.13},
{"name":"Mjamaoué","population":523864,"area":6547.32},
{"name":"Kyaikto","population":930267,"area":7495.18},
{"name":"Lyon","population":215748,"area":18510.27},
{"name":"Basista","population":613357,"area":3273.67},
{"name":"Phetchaburi","population":407437,"area":18181.86},
{"name":"Kleszczewo","population":377797,"area":5421.23},
{"name":"Munse","population":97202,"area":19910.57},
{"name":"High Prairie","population":674039,"area":18028.98},
{"name":"Xinglin","population":346074,"area":1540.47},
{"name":"Travesía","population":790836,"area":5612.61},
{"name":"Göteborg","population":67265,"area":19575.26},
{"name":"Daga","population":456759,"area":10415.46},
{"name":"Banjar Baleagung","population":85302,"area":17827.71},
{"name":"Xinjie","population":748057,"area":14620.03},
{"name":"Minneapolis","population":305718,"area":18995.09},
{"name":"Myitkyina","population":763638,"area":6040.54},
{"name":"Tarub","population":833484,"area":19038.93},
{"name":"Hongshanyao","population":601319,"area":11536.75},
{"name":"Vrakháti","population":99933,"area":11668.61},
{"name":"Teixoso","population":879544,"area":1770.64},
{"name":"Millet","population":3479,"area":14041.54},
{"name":"Zlataritsa","population":317387,"area":3205.69},
{"name":"Hadayang","population":730225,"area":812.97},
{"name":"Şirrīn ash Shamālīyah","population":24703,"area":17813.96},
{"name":"Junaynat Raslān","population":245108,"area":8821.78},
{"name":"Gunungmanik","population":566994,"area":7098.67},
{"name":"Kaiapoi","population":293120,"area":19602.57},
{"name":"Starotitarovskaya","population":28945,"area":16993.58},
{"name":"Batas Barat","population":140630,"area":11247.87},
{"name":"Shah Alam","population":389753,"area":1349.99},
{"name":"Louiseville","population":48734,"area":15416.95},
{"name":"Armenia","population":743087,"area":10498.86},
{"name":"Oetua","population":765423,"area":2719.01},
{"name":"Luzhou","population":936774,"area":11849.17},
{"name":"Thị Trấn Hùng Quốc","population":504152,"area":2084.11},
{"name":"Milton","population":138614,"area":951.89}]}