{"cities": [{"name":"Chengui","population":2922179,"area":72422.79},
{"name":"Rivera","population":2473935,"area":75822.6},
{"name":"Huazangsi","population":847953,"area":95544.14},
{"name":"Uspenka","population":1039210,"area":42959.67},
{"name":"Texíguat","population":5429515,"area":64840.58},
{"name":"Lochovice","population":2897366,"area":28280.39},
{"name":"Bromölla","population":4984014,"area":34655.06},
{"name":"Gisiliba","population":2694835,"area":78527.27},
{"name":"Saguiaran","population":3924240,"area":74446.01},
{"name":"Changyanbao","population":3185592,"area":22813.85},
{"name":"Aucallama","population":5696364,"area":99926.38},
{"name":"Shouyan","population":9678363,"area":90119.3},
{"name":"San Mariano","population":4196780,"area":47023.37},
{"name":"Bilice","population":9503481,"area":23840.25},
{"name":"Youxi Chengguanzhen","population":2859559,"area":53206.38},
{"name":"Melekeok Village","population":8073870,"area":92815.46},
{"name":"Qianqiao","population":3932044,"area":78931.29},
{"name":"Ulsan","population":449520,"area":13578.12},
{"name":"Waekolong","population":7209509,"area":50301.57},
{"name":"Oslo","population":452120,"area":68604.4},
{"name":"Al Quwaysimah","population":3550625,"area":88417.71},
{"name":"Itaporanga","population":9192411,"area":77548.57},
{"name":"Mường Nhé","population":5071912,"area":15350.43},
{"name":"Jablah","population":1463751,"area":81377.02},
{"name":"Kalajoki","population":3817573,"area":97049.48},
{"name":"Shelopugino","population":5983386,"area":61450.46},
{"name":"Ignalina","population":6733850,"area":79189.69},
{"name":"Nidri","population":5493882,"area":73440.11},
{"name":"Libertad","population":6917646,"area":79053.48},
{"name":"Nantes","population":9781722,"area":23773.18},
{"name":"Akademija (Kaunas)","population":5407871,"area":65792.98},
{"name":"Chipinge","population":4829618,"area":62311.01},
{"name":"Šenov","population":8061133,"area":10092.85},
{"name":"Fuchūchō","population":9271254,"area":90339.19},
{"name":"Melati","population":6075375,"area":46868.05},
{"name":"San Carlos","population":2576747,"area":86018.42},
{"name":"Linjiang","population":3983694,"area":64187.92},
{"name":"Thayetmyo","population":8332930,"area":12326.47},
{"name":"Hamburg","population":5279271,"area":51984.76},
{"name":"Massawa","population":8269119,"area":95129.81},
{"name":"Campinas","population":4971511,"area":59489.84},
{"name":"Hongqiao","population":1842098,"area":30231.3},
{"name":"Novomoskovsk","population":863932,"area":5160.57},
{"name":"Uvarovo","population":1722347,"area":42394.98},
{"name":"Akita","population":3639821,"area":99525.86},
{"name":"Breda","population":3933187,"area":90864.2},
{"name":"Pupiales","population":3133266,"area":31506.1},
{"name":"Kawangohari","population":3346100,"area":38544.0},
{"name":"Fenghuang","population":2743324,"area":89139.23},
{"name":"Novoselec","population":9499457,"area":68273.17},
{"name":"Donetsk","population":7420943,"area":51585.07},
{"name":"Berezanka","population":2617749,"area":8810.03},
{"name":"Vale da Bajouca","population":6946752,"area":59478.61},
{"name":"Zhongxin","population":7161997,"area":97672.89},
{"name":"Mulyosari","population":1376982,"area":76932.63},
{"name":"Hadžići","population":3184157,"area":12279.38},
{"name":"Valladolid","population":579827,"area":91395.61},
{"name":"Pedra","population":359553,"area":82756.69},
{"name":"Zhendong","population":6126289,"area":46755.14},
{"name":"Yangliu","population":1000857,"area":59622.5},
{"name":"Pozo Hondo","population":5570477,"area":71081.18},
{"name":"Divichibazar","population":3293577,"area":54079.75},
{"name":"Oporapa","population":6958127,"area":24018.13},
{"name":"Fond du Sac","population":7419094,"area":65650.55},
{"name":"Cianorte","population":7238185,"area":63969.59},
{"name":"Ḩalāwah","population":8658219,"area":22930.19},
{"name":"Lisia Góra","population":1308994,"area":30497.9},
{"name":"Gálvez","population":8033488,"area":26241.53},
{"name":"Křenovice","population":5356956,"area":81960.97},
{"name":"Motema","population":289552,"area":3837.69},
{"name":"Brzyska","population":7937966,"area":82937.51},
{"name":"Waihai","population":5941091,"area":72033.29},
{"name":"Kema","population":431353,"area":65401.13},
{"name":"Concepcion","population":5835065,"area":31566.45},
{"name":"Nosy Varika","population":4664851,"area":75909.17},
{"name":"Leiden","population":3828807,"area":46780.99},
{"name":"Daja","population":3371727,"area":72291.19},
{"name":"Sijiu","population":8860288,"area":33358.51},
{"name":"Macinhata da Seixa","population":1713130,"area":70322.36},
{"name":"Las Carreras","population":323285,"area":27131.8},
{"name":"Bunisari","population":49873,"area":75134.41},
{"name":"Armenia","population":8333018,"area":50264.98},
{"name":"Tiemen","population":8809753,"area":7351.94},
{"name":"Dahe","population":2336036,"area":53694.64},
{"name":"Larap","population":4063581,"area":823.88},
{"name":"20 de Noviembre","population":197297,"area":15213.9},
{"name":"Ciguna","population":2657643,"area":65511.81},
{"name":"Armenia","population":8638584,"area":54509.73},
{"name":"Ninghai","population":9930999,"area":70668.53},
{"name":"Victoria","population":8437435,"area":3383.88},
{"name":"Allen","population":7270040,"area":10990.27},
{"name":"Lhokkruet","population":228440,"area":52681.85},
{"name":"Hollola","population":9161967,"area":47428.37},
{"name":"Raciąż","population":5508611,"area":94287.28},
{"name":"Kostelec nad Černými Lesy","population":1277271,"area":32051.35},
{"name":"Rulenge","population":563660,"area":91302.95},
{"name":"Krychaw","population":6884011,"area":37917.03},
{"name":"Guoyuan","population":6804684,"area":7571.24},
{"name":"Huangjinjing","population":3667137,"area":24377.9},
{"name":"Chechen-Aul","population":3958416,"area":54457.68},
{"name":"Kuwayris Sharqī","population":2859337,"area":93152.63},
{"name":"Pryvol’ny","population":1997438,"area":17599.78},
{"name":"Chengdong","population":6154531,"area":45415.51},
{"name":"Oematnunu","population":7842150,"area":77561.75},
{"name":"Lamatuka","population":3789349,"area":63469.56},
{"name":"Lianhua","population":2384828,"area":42510.27},
{"name":"Jefferson City","population":2671138,"area":19840.99},
{"name":"Macheke","population":4404228,"area":29716.22},
{"name":"Mawza‘","population":2897276,"area":64050.62},
{"name":"João Monlevade","population":949038,"area":9710.08},
{"name":"Bojnik","population":4927022,"area":46210.83},
{"name":"Wuxia","population":4195561,"area":8160.79},
{"name":"Bendosari","population":6178451,"area":473.72},
{"name":"Franca","population":3424303,"area":77631.31},
{"name":"Santa Luċija","population":8403914,"area":86234.31},
{"name":"Tambakrejo","population":1328412,"area":82108.13},
{"name":"Kurihashi","population":2906213,"area":13036.45},
{"name":"Nikinci","population":5383082,"area":25004.0},
{"name":"Liupai","population":7525225,"area":34015.5},
{"name":"Shuiche","population":6061354,"area":7329.13},
{"name":"Pochep","population":9112274,"area":21730.08},
{"name":"Longtang","population":127560,"area":27252.6},
{"name":"Sułkowice","population":8646027,"area":37616.98},
{"name":"Ejmiatsin","population":1328630,"area":65860.33},
{"name":"Majia","population":9971785,"area":80116.16},
{"name":"Bandungsari","population":7309032,"area":61238.11},
{"name":"Safakulevo","population":3928638,"area":32710.45},
{"name":"Al Ghayl","population":7128326,"area":57927.44},
{"name":"Lokolande","population":7204429,"area":78396.42},
{"name":"Čortanovci","population":1562534,"area":40540.99},
{"name":"Binhe","population":442220,"area":1896.07},
{"name":"Baibu","population":7449929,"area":77631.09},
{"name":"Maralik","population":7859395,"area":67091.58},
{"name":"Megion","population":5810985,"area":38061.35},
{"name":"Mompach","population":3511994,"area":85527.63},
{"name":"Ad Dawḩah","population":2683916,"area":38127.4},
{"name":"Pasolapida","population":6900188,"area":3535.0},
{"name":"Sukošan","population":4447800,"area":92103.48},
{"name":"Pordapor Barat","population":4387450,"area":88187.41},
{"name":"Dakhla","population":2673927,"area":52855.69},
{"name":"Tongyuanpu","population":4221511,"area":40510.42},
{"name":"Selínia","population":2026026,"area":97610.33},
{"name":"Toba","population":1046868,"area":65848.49},
{"name":"Uluale","population":5906996,"area":29861.9},
{"name":"Cikembang","population":9538577,"area":46279.08},
{"name":"Shengtang","population":32129,"area":88982.54},
{"name":"Uujim","population":8997978,"area":13996.96},
{"name":"Ust’-Dzheguta","population":3718858,"area":3461.98},
{"name":"Yuza","population":6887881,"area":30934.08},
{"name":"Motegi","population":2597355,"area":4613.37},
{"name":"Concepcion","population":8735595,"area":99746.02},
{"name":"San Andres","population":9341888,"area":35209.38},
{"name":"Bichura","population":7094953,"area":31828.57},
{"name":"Milton","population":9561935,"area":80661.65},
{"name":"Vera","population":3747990,"area":28361.48},
{"name":"Longquan","population":5327273,"area":78145.13},
{"name":"Aiguo","population":2144800,"area":52208.16},
{"name":"Hallsberg","population":9231289,"area":89457.35},
{"name":"Guri-si","population":7688517,"area":80918.41},
{"name":"Douz","population":7088783,"area":52293.81},
{"name":"Rencun","population":6563861,"area":74851.21},
{"name":"Laju Kidul","population":6228830,"area":144.16},
{"name":"Tembisa","population":4022870,"area":42807.73},
{"name":"Novotroitsk","population":9139474,"area":89506.85},
{"name":"Banjar Dharmasemedi","population":4915960,"area":7568.59},
{"name":"Skellefteå","population":1836303,"area":72203.1},
{"name":"Pýrgos","population":7428360,"area":13469.79},
{"name":"Kaédi","population":7455931,"area":87935.75},
{"name":"Buzen","population":4826414,"area":86345.51},
{"name":"Fucheng","population":4161229,"area":49778.62},
{"name":"Bulacan","population":2616092,"area":96244.7},
{"name":"San Manuel Chaparrón","population":9535950,"area":83946.25},
{"name":"Pau","population":1822724,"area":54566.16},
{"name":"Mekarsari","population":8646582,"area":37284.74},
{"name":"Janeng","population":5496943,"area":1893.59},
{"name":"Māymay","population":3330671,"area":39360.57},
{"name":"Huangcun","population":8948293,"area":19840.71},
{"name":"Municipio de Copacabana","population":817723,"area":4102.11},
{"name":"Kharkiv","population":3082727,"area":82410.27},
{"name":"Dún Laoghaire","population":4150955,"area":67734.94},
{"name":"Uddevalla","population":7460545,"area":23535.84},
{"name":"Haoxue","population":7754611,"area":19781.59},
{"name":"Jifnā","population":1317799,"area":69609.47},
{"name":"Lugo","population":2275879,"area":92605.44},
{"name":"Jiang’an","population":3886434,"area":61438.63},
{"name":"Daying","population":4610715,"area":59286.92},
{"name":"Tenggong","population":8584636,"area":26659.85},
{"name":"Jiajiaying","population":4847901,"area":32524.08},
{"name":"Thị Trấn Mỹ Lộc","population":1123248,"area":72364.16},
{"name":"Shanhou","population":6545083,"area":38536.52},
{"name":"Višnjićevo","population":3144129,"area":30479.59},
{"name":"Richards Bay","population":8105604,"area":65507.59},
{"name":"Ust’-Ulagan","population":6867171,"area":97781.83},
{"name":"Maragogipe","population":552717,"area":86811.65},
{"name":"Patos","population":361159,"area":62517.4},
{"name":"Mae Wang","population":933549,"area":90925.78},
{"name":"Fahraj","population":4320726,"area":37283.13},
{"name":"Pangal Sur","population":5804841,"area":3087.26},
{"name":"Sardasht","population":3709991,"area":25319.06},
{"name":"Jianggao","population":7595218,"area":57270.66},
{"name":"Gumaus","population":5890275,"area":35519.8},
{"name":"Zherdevka","population":5455797,"area":33282.94},
{"name":"Maloarkhangel’sk","population":7408677,"area":64838.04},
{"name":"Jianqiao","population":5202905,"area":87295.72},
{"name":"Monte Agudo","population":9088319,"area":69565.15},
{"name":"Luoshan","population":7149550,"area":26311.16},
{"name":"Soras","population":3464224,"area":5486.45},
{"name":"Kawasaki","population":1543792,"area":56320.34},
{"name":"Messina","population":1962051,"area":18187.89},
{"name":"Nové Strašecí","population":7842341,"area":38338.08},
{"name":"Wrocław","population":3534460,"area":43153.62},
{"name":"Villavicencio","population":8910022,"area":4117.74},
{"name":"San Isidro","population":9143599,"area":14555.98},
{"name":"Liang","population":1691971,"area":6399.9},
{"name":"Condado","population":8757900,"area":66105.14},
{"name":"Purral","population":7928686,"area":27271.87},
{"name":"Tsyurupyns’k","population":2061714,"area":38580.64},
{"name":"Gongju","population":6822514,"area":24657.48},
{"name":"Zihu","population":2642763,"area":47918.13},
{"name":"Yabuli","population":8377019,"area":5768.25},
{"name":"Coroico","population":4053948,"area":33555.34},
{"name":"Kadugedong","population":6572017,"area":19450.76},
{"name":"Landerneau","population":329137,"area":7639.77},
{"name":"Khanu Woralaksaburi","population":4072704,"area":59007.09},
{"name":"Serov","population":485342,"area":94675.9},
{"name":"Akkol’","population":11522,"area":85657.63},
{"name":"El Sombrero","population":912824,"area":47233.87},
{"name":"Kota Kinabalu","population":8413872,"area":28615.03},
{"name":"Xijiang","population":2270926,"area":6056.95},
{"name":"Esperanza","population":6867727,"area":88122.4},
{"name":"Lijia","population":1567153,"area":61755.82},
{"name":"Sudimoro","population":4457556,"area":82447.08},
{"name":"Āzādshahr","population":5242303,"area":76385.41},
{"name":"Viana","population":6352494,"area":83479.51},
{"name":"Kulonkali","population":9403664,"area":47766.98},
{"name":"Guandi","population":9423885,"area":3508.74},
{"name":"Guadalupe","population":4431446,"area":48263.19},
{"name":"Salem","population":3479177,"area":97160.4},
{"name":"Taldyqorghan","population":3247203,"area":27033.27},
{"name":"Novovasylivka","population":505631,"area":31224.09},
{"name":"Rzepiennik Strzyżewski","population":2278498,"area":8536.93},
{"name":"Palestina de los Altos","population":7145054,"area":29705.6},
{"name":"Álimos","population":6519054,"area":50859.84},
{"name":"Huangliang","population":6528148,"area":258.08},
{"name":"Mullsjö","population":9052275,"area":84212.65},
{"name":"Mala Danylivka","population":9801177,"area":89415.04},
{"name":"Torsås","population":1601614,"area":90972.76},
{"name":"Boshi","population":7176147,"area":95874.22},
{"name":"Bajo Naranjillo","population":4122264,"area":64968.71},
{"name":"Pincher Creek","population":3852305,"area":68676.81},
{"name":"Carvalhos","population":9725818,"area":72403.97},
{"name":"Guohuan","population":2273712,"area":59453.82},
{"name":"Corvite","population":5712521,"area":80926.25},
{"name":"Mississauga","population":998155,"area":37874.57},
{"name":"Xiaba","population":4586765,"area":82338.49},
{"name":"San Rafael","population":8031990,"area":90109.67},
{"name":"Nofoali‘i","population":2219143,"area":38948.14},
{"name":"Limeiras","population":6932275,"area":94458.59},
{"name":"Paratinga","population":5589226,"area":63629.79},
{"name":"Trosa","population":5384882,"area":66924.34},
{"name":"Shaxi","population":8809812,"area":62645.86},
{"name":"Rydzyna","population":2508275,"area":58309.1},
{"name":"San Juan","population":3941172,"area":97775.42},
{"name":"Volovo","population":1413559,"area":89232.93},
{"name":"Wŏnju","population":8633867,"area":4619.67},
{"name":"Bella Vista","population":1913946,"area":18801.74},
{"name":"Hadžići","population":9067505,"area":44463.66},
{"name":"Shemursha","population":7287323,"area":53853.92},
{"name":"Yongxing Chengguanzhen","population":2394725,"area":37606.05},
{"name":"Sanbaishan","population":6100046,"area":41571.51},
{"name":"Totoral","population":8871074,"area":85540.34},
{"name":"Gereneng","population":6699158,"area":78832.15},
{"name":"Envigado","population":9261909,"area":58916.26},
{"name":"Liloan","population":4125022,"area":74738.35},
{"name":"Shumikhinskiy","population":746904,"area":72568.81},
{"name":"Sankui","population":9013886,"area":66283.23},
{"name":"Fengkou","population":5010109,"area":44373.38},
{"name":"Sundbyberg","population":7333337,"area":87170.14},
{"name":"Adh Dhayd","population":8257831,"area":87533.99},
{"name":"Arles","population":4426314,"area":20022.58},
{"name":"Rzozów","population":1048126,"area":65824.88},
{"name":"Pasirhuni","population":9031389,"area":94284.09},
{"name":"Västervik","population":3572518,"area":58692.06},
{"name":"Phanat Nikhom","population":1288974,"area":60647.36},
{"name":"Guantouzui","population":7242375,"area":26456.75},
{"name":"Kurchaloy","population":1599281,"area":25133.83},
{"name":"Fukadale","population":8251852,"area":60317.83},
{"name":"Guxian","population":924572,"area":99184.32},
{"name":"Comandante Fontana","population":1692044,"area":87322.24},
{"name":"Junik","population":7939523,"area":65219.45},
{"name":"Thanh Khê","population":3630484,"area":90283.86},
{"name":"Weihe","population":30648,"area":29531.9},
{"name":"Vsevolozhsk","population":3838892,"area":83573.39},
{"name":"Nowy Dwór Gdański","population":9157656,"area":83117.99},
{"name":"Dębowiec","population":5897848,"area":58088.13},
{"name":"Kabarnet","population":1014907,"area":63385.28},
{"name":"Mwembe","population":5358631,"area":95923.5},
{"name":"Baisha","population":1130293,"area":72240.81},
{"name":"Cametá","population":8765745,"area":56529.36},
{"name":"Yegorlykskaya","population":3457998,"area":6866.44},
{"name":"Jiucaigou","population":9707946,"area":31203.69},
{"name":"Starobaltachevo","population":9392097,"area":40566.21},
{"name":"Gandiaye","population":6501112,"area":92045.01},
{"name":"Louriceira","population":4206799,"area":72916.87},
{"name":"Gvardeysk","population":2933532,"area":65107.32},
{"name":"L'viv","population":1826431,"area":38276.3},
{"name":"Columbia","population":429114,"area":27154.36},
{"name":"Goryachevodskiy","population":4437454,"area":81977.09},
{"name":"Osielec","population":8618281,"area":12554.46},
{"name":"Krajan","population":4499876,"area":60987.45},
{"name":"Mogi Mirim","population":3716420,"area":19280.11},
{"name":"Pontevedra","population":3222630,"area":53459.9},
{"name":"Chornorudka","population":6785188,"area":1894.48},
{"name":"Ghāro","population":2779868,"area":38344.07},
{"name":"Pakuncen","population":8954726,"area":50167.33},
{"name":"Tamanan","population":2143459,"area":26651.43},
{"name":"Capela","population":2976143,"area":80116.75},
{"name":"Dumalneg","population":3644463,"area":76221.61},
{"name":"Kauran","population":9025143,"area":84039.12},
{"name":"Albacete","population":5865330,"area":98351.02},
{"name":"Liudu","population":3438653,"area":77131.52},
{"name":"San Rafael","population":4401254,"area":83995.9},
{"name":"Nuyno","population":9727490,"area":77614.47},
{"name":"Pakuncen","population":4353489,"area":56235.18},
{"name":"Toupopu","population":6188479,"area":7974.68},
{"name":"Comandante Luis Piedra Buena","population":2322745,"area":56756.38},
{"name":"Zhenjiang","population":9837751,"area":25195.52},
{"name":"Kimhae","population":9528697,"area":19960.37},
{"name":"Meiyao","population":8412274,"area":12153.01},
{"name":"Grand Rapids","population":1974359,"area":73802.19},
{"name":"Andongrejo","population":1683301,"area":28257.44},
{"name":"Sidowayah Lor","population":4830200,"area":19448.82},
{"name":"Okuta","population":4515692,"area":60003.03},
{"name":"Shucheng Chengguanzhen","population":3838095,"area":51897.43},
{"name":"Slavs’ke","population":2261708,"area":52584.11},
{"name":"Changyanbao","population":1158429,"area":41286.88},
{"name":"Chegdomyn","population":2848333,"area":68764.51},
{"name":"Maukaro","population":9253551,"area":48632.36},
{"name":"Socorro","population":1940250,"area":57510.82},
{"name":"Kaiama","population":3365452,"area":36981.79},
{"name":"Heung-hai","population":5474045,"area":93405.5},
{"name":"Bobonan","population":2919507,"area":77143.62},
{"name":"Guancangping","population":1692613,"area":87251.32},
{"name":"Chirpan","population":6107476,"area":7070.8},
{"name":"Agen","population":355733,"area":97028.47},
{"name":"Kukur","population":2137689,"area":60416.13},
{"name":"Sal’sk","population":6453270,"area":23487.22},
{"name":"Ţayyibat al Imām","population":8017191,"area":90875.02},
{"name":"Magetlegar","population":1439445,"area":66266.0},
{"name":"Tân An","population":7418943,"area":87737.58},
{"name":"Guangpu","population":9972035,"area":19589.01},
{"name":"Bantiran","population":6627814,"area":25206.39},
{"name":"Larangan","population":555942,"area":60706.81},
{"name":"Nankāna Sāhib","population":3511596,"area":97037.67},
{"name":"Maykopskoye","population":4468691,"area":75003.72},
{"name":"Guicheng","population":4947728,"area":35049.67},
{"name":"Daeosin Satu","population":719553,"area":79557.13},
{"name":"Perugia","population":6840417,"area":82502.31},
{"name":"Gargaliánoi","population":8558463,"area":62856.99},
{"name":"Daliyuan","population":5619338,"area":50096.04},
{"name":"Jagodnjak","population":1777335,"area":43932.81},
{"name":"Ciyu","population":3312111,"area":13246.78},
{"name":"Chikushino-shi","population":602361,"area":59283.28},
{"name":"Dijon","population":158962,"area":61410.47},
{"name":"Hanjia","population":2922702,"area":23519.07},
{"name":"Šipovo","population":3079839,"area":57425.37},
{"name":"Szczawnica","population":8726398,"area":83191.42},
{"name":"Genova","population":85681,"area":99766.59},
{"name":"Kembang","population":9165628,"area":65652.25},
{"name":"Portela","population":6967393,"area":93746.65},
{"name":"Qingjiang","population":1336847,"area":84755.42},
{"name":"Tayang","population":3341863,"area":90794.02},
{"name":"Kaloyanovo","population":9655922,"area":33542.37},
{"name":"Laoliangcang","population":6543522,"area":58448.79},
{"name":"Eskilstuna","population":6668022,"area":94531.06},
{"name":"Smilavichy","population":962862,"area":20937.52},
{"name":"Ferme-Neuve","population":221835,"area":25557.99},
{"name":"Sarrebourg","population":2796016,"area":36135.24},
{"name":"Bouças","population":1499732,"area":41096.98},
{"name":"Krajan","population":7370585,"area":25010.29},
{"name":"Piedra Blanca","population":2190084,"area":60195.77},
{"name":"Piracicaba","population":8603441,"area":7034.06},
{"name":"Ubinskoye","population":1281671,"area":63651.73},
{"name":"Al Khushnīyah","population":4063213,"area":31800.65},
{"name":"Sumberagung","population":7724566,"area":3553.2},
{"name":"Skópelos","population":3490318,"area":3698.87},
{"name":"Dolní Počernice","population":2034724,"area":67802.47},
{"name":"Bastak","population":9212784,"area":42592.88},
{"name":"Dayrūţ","population":9499006,"area":37923.65},
{"name":"Pedro Carbo","population":6490270,"area":22562.96},
{"name":"Bangbayang","population":6240212,"area":64321.18},
{"name":"Vidovci","population":2499060,"area":24985.61},
{"name":"Naivasha","population":5454361,"area":52737.91},
{"name":"Javarthushuu","population":7383442,"area":83817.42},
{"name":"Pontinha","population":1135564,"area":20695.38},
{"name":"Vecpiebalga","population":6618048,"area":55877.38},
{"name":"Phu Loc","population":6828169,"area":35284.63},
{"name":"Tinampo","population":4569021,"area":24378.14},
{"name":"Tsaratanana","population":3146954,"area":92679.38},
{"name":"Dongsheng","population":9167238,"area":14206.35},
{"name":"Namora","population":6448599,"area":65595.83},
{"name":"Ivanishchi","population":6523678,"area":89841.24},
{"name":"Pindi Gheb","population":4099370,"area":22326.34},
{"name":"Atibaia","population":8108729,"area":49447.26},
{"name":"Tsurugi-asahimachi","population":6727889,"area":97281.81},
{"name":"Paris 12","population":9698181,"area":38438.67},
{"name":"Sadkowice","population":7131050,"area":92991.57},
{"name":"Lawepakam","population":739498,"area":6002.44},
{"name":"Az Zarbah","population":4445489,"area":75849.66},
{"name":"Novo Cruzeiro","population":7035928,"area":18031.07},
{"name":"Balucuc","population":2455010,"area":7381.3},
{"name":"Lidingö","population":8629820,"area":52837.16},
{"name":"Lagarto","population":2230039,"area":9098.24},
{"name":"Mirador","population":2213881,"area":71205.95},
{"name":"Guacarí","population":9088971,"area":41460.29},
{"name":"Ximapo","population":6223225,"area":13471.9},
{"name":"Pujocucho","population":8079261,"area":3150.69},
{"name":"Masohi","population":7673145,"area":94349.11},
{"name":"Kota Kinabalu","population":7931760,"area":90604.76},
{"name":"Xiashuitou","population":2283912,"area":44351.92},
{"name":"Qingnianlu","population":285820,"area":41877.39},
{"name":"Badian","population":6200035,"area":77527.24},
{"name":"Marco","population":1858031,"area":30258.59},
{"name":"Obock","population":8637951,"area":61888.09},
{"name":"Tofa","population":760734,"area":69197.45},
{"name":"Imotski","population":2160706,"area":75666.46},
{"name":"Mós","population":7529553,"area":67419.51},
{"name":"Betim","population":8174325,"area":40089.41},
{"name":"Shanguang","population":3162342,"area":90703.71},
{"name":"Damaturu","population":7202452,"area":15269.02},
{"name":"Quintas","population":4489674,"area":31584.72},
{"name":"Jianyi","population":753909,"area":90878.79},
{"name":"Borgarnes","population":8243385,"area":37215.68},
{"name":"Chambar","population":6147366,"area":81072.81},
{"name":"Dầu Tiếng","population":3945073,"area":68999.45},
{"name":"Tinabogan","population":9113752,"area":9973.15},
{"name":"Bajia","population":3414357,"area":96616.21},
{"name":"Amuru","population":5948585,"area":76468.08},
{"name":"Passagem","population":4821370,"area":84127.02},
{"name":"Icheon-si","population":5394165,"area":66571.24},
{"name":"Karaidel’","population":5083380,"area":90655.71},
{"name":"Jingzhou","population":736860,"area":65319.13},
{"name":"Salyan","population":5279295,"area":31938.0},
{"name":"Chaniá","population":1041879,"area":88228.52},
{"name":"Embu Guaçu","population":7498038,"area":46286.05},
{"name":"Santa Catalina - Dique Lujan","population":1203626,"area":99990.1},
{"name":"Puerto Quijarro","population":1250770,"area":97787.18},
{"name":"Tiandiba","population":1459587,"area":395.08},
{"name":"San Luis","population":7511502,"area":99628.81},
{"name":"Al Madīd","population":6618843,"area":7201.86},
{"name":"Bokino","population":9908036,"area":11879.39},
{"name":"Carvoeira","population":5856552,"area":48186.83},
{"name":"Liangshuijing","population":5111545,"area":81510.28},
{"name":"Jince","population":5576888,"area":97642.79},
{"name":"Haoxin","population":1200592,"area":37920.57},
{"name":"Créteil","population":2790228,"area":50778.92},
{"name":"Langarūd","population":5868777,"area":48685.88},
{"name":"Strasbourg","population":9162,"area":89781.97},
{"name":"Luoqi","population":6414816,"area":72458.34},
{"name":"Concord","population":5017395,"area":72950.06},
{"name":"Madruga","population":447473,"area":21981.81},
{"name":"Gaya","population":4097990,"area":46885.42},
{"name":"Thành Phố Thái Bình","population":1801334,"area":28524.43},
{"name":"Marseille","population":1970076,"area":89560.59},
{"name":"Sobreira","population":2727939,"area":92051.74},
{"name":"Payxambabazar","population":4777101,"area":92227.42},
{"name":"Nytva","population":7418530,"area":53659.66},
{"name":"Pereiro","population":2963070,"area":51878.72},
{"name":"Chinandega","population":2235159,"area":35503.79},
{"name":"Las Flores","population":5431233,"area":20527.98},
{"name":"Changxing","population":4504010,"area":73303.66},
{"name":"Carandaí","population":2468219,"area":30942.91},
{"name":"Gaoqiu","population":9082528,"area":39424.05},
{"name":"Nossebro","population":3772637,"area":94184.52},
{"name":"Dunhou","population":1157317,"area":33009.15},
{"name":"Gwangjeok","population":2064857,"area":54956.62},
{"name":"Choropampa","population":7753331,"area":64902.09},
{"name":"Froly","population":963327,"area":47412.63},
{"name":"Neftobod","population":7176585,"area":95650.31},
{"name":"Kamenjane","population":5615538,"area":40790.69},
{"name":"Huangbei","population":807854,"area":3626.21},
{"name":"San Vicente","population":4765452,"area":38502.78},
{"name":"Vale da Serra","population":6870322,"area":88992.05},
{"name":"Irecê","population":3718198,"area":2320.83},
{"name":"Remedios","population":5829606,"area":24056.32},
{"name":"New Orleans","population":9262198,"area":53604.93},
{"name":"Pu’er","population":1354342,"area":83450.39},
{"name":"Lhoknga","population":4294386,"area":45803.24},
{"name":"Yinchuan","population":5795072,"area":34418.09},
{"name":"Valença do Piauí","population":8068785,"area":78945.27},
{"name":"Noginsk","population":6257754,"area":93704.07},
{"name":"Amorim","population":533971,"area":60041.11},
{"name":"Cambebba","population":6014919,"area":84450.85},
{"name":"Kafachan","population":8867176,"area":11057.16},
{"name":"Mogok","population":2762245,"area":14866.82},
{"name":"Sui’an","population":665214,"area":51220.17},
{"name":"Åtvidaberg","population":827756,"area":72696.26},
{"name":"Puger","population":9547991,"area":81902.09},
{"name":"Xigou","population":707316,"area":9774.48},
{"name":"Lalauigan","population":6529045,"area":8088.04},
{"name":"Biggar","population":4984533,"area":99721.86},
{"name":"San Lorenzo","population":6534918,"area":27571.78},
{"name":"Codó","population":412638,"area":60439.64},
{"name":"Požarevac","population":3848663,"area":24819.74},
{"name":"Almirante","population":6491240,"area":12451.19},
{"name":"Oinoússes","population":8636590,"area":10129.91},
{"name":"Sinarharapan","population":2414591,"area":39978.68},
{"name":"Koror","population":2101363,"area":94692.64},
{"name":"La Libertad","population":4721702,"area":27454.5},
{"name":"Seabra","population":8743728,"area":82017.25},
{"name":"Salta","population":3295807,"area":12886.86},
{"name":"Spanish Wells","population":9334315,"area":19798.23},
{"name":"Jianyangping","population":1118888,"area":20851.94},
{"name":"Pedreira","population":5108775,"area":72692.13},
{"name":"Shazhou","population":2943235,"area":12665.06},
{"name":"Bakalang","population":4197834,"area":68903.58},
{"name":"Dimataling","population":9231734,"area":1983.11},
{"name":"Bakaran Kulon","population":508205,"area":96992.6},
{"name":"Puente Alto","population":6436384,"area":49178.0},
{"name":"Ponte","population":1186560,"area":79795.08},
{"name":"Willemstad","population":7134856,"area":31363.38},
{"name":"Santulhão","population":4345992,"area":46421.19},
{"name":"Koran","population":7420666,"area":66335.77},
{"name":"Siilinjärvi","population":6399390,"area":55288.14},
{"name":"Kudara-Somon","population":7747434,"area":4683.14},
{"name":"Padre Bernardo","population":4575520,"area":36804.98},
{"name":"Loo","population":755205,"area":67225.22},
{"name":"Arshaluys","population":1555598,"area":76641.35},
{"name":"Mỹ Xuyên","population":1939642,"area":62456.44},
{"name":"Tangkou","population":1180323,"area":70947.67},
{"name":"Kuroiso","population":3775414,"area":32159.31},
{"name":"Malinao","population":7524455,"area":69643.46},
{"name":"Żarki","population":3287004,"area":19225.14},
{"name":"Strážná","population":7735145,"area":43903.72},
{"name":"Akankpa","population":6869481,"area":54401.51},
{"name":"Sembungin","population":6012246,"area":80637.58},
{"name":"Monaragala","population":3663153,"area":89630.46},
{"name":"Itaperuçu","population":2632925,"area":63236.27},
{"name":"Mlawat","population":6946921,"area":19547.02},
{"name":"Cumanayagua","population":2112554,"area":25224.0},
{"name":"Aras-asan","population":6828525,"area":2931.95},
{"name":"Berlin","population":4450091,"area":97187.62},
{"name":"Vlissingen","population":4057581,"area":63015.57},
{"name":"Ferapontovo","population":1415760,"area":87827.02},
{"name":"Egbe","population":1129823,"area":97598.77},
{"name":"Shijak","population":165911,"area":84687.61},
{"name":"Lyambir’","population":678211,"area":18830.75},
{"name":"Esik","population":4616569,"area":83263.7},
{"name":"Rende","population":4301338,"area":78616.67},
{"name":"Mosquera","population":1308288,"area":39065.0},
{"name":"Tsagaan-Owoo","population":7670597,"area":98627.86},
{"name":"Susunan","population":2442098,"area":89487.23},
{"name":"Shofirkon","population":5398141,"area":46880.21},
{"name":"Kumla","population":166327,"area":83409.47},
{"name":"Doujia","population":527815,"area":21857.28},
{"name":"Machagai","population":7061117,"area":31770.23},
{"name":"Rongcheng","population":8682911,"area":53757.9},
{"name":"Makīnsk","population":2067416,"area":69365.14},
{"name":"Smiřice","population":9969985,"area":97876.85},
{"name":"Bhiria","population":4754275,"area":33510.26},
{"name":"København","population":1511008,"area":79161.87},
{"name":"Halinów","population":5726270,"area":88228.95},
{"name":"Bwizibwera","population":8488880,"area":72679.26},
{"name":"La Paz","population":5310852,"area":7937.72},
{"name":"Castêlo","population":8562893,"area":4577.55},
{"name":"Xinhuang","population":1616388,"area":89969.18},
{"name":"Biała","population":619539,"area":82312.23},
{"name":"Houzhai","population":2419972,"area":23544.52},
{"name":"Tambakrejo","population":5135074,"area":85723.87},
{"name":"Panjiang","population":287375,"area":38377.42},
{"name":"Pakis","population":2635022,"area":64563.99},
{"name":"Sulęcin","population":5198889,"area":34516.22},
{"name":"Ituberá","population":3312511,"area":25242.04},
{"name":"Lumbardhi","population":5148817,"area":11985.21},
{"name":"Banjar Wates Tengah","population":8639790,"area":37467.52},
{"name":"Yanmen","population":1496366,"area":58743.86},
{"name":"Dukuhmencek Lor","population":6001032,"area":25388.63},
{"name":"Bato","population":9290466,"area":35669.55},
{"name":"Stockholm","population":8192058,"area":50020.72},
{"name":"Mikumi","population":6893022,"area":98079.55},
{"name":"Gazanjyk","population":3079142,"area":76396.2},
{"name":"Sanzao","population":632353,"area":87706.62},
{"name":"Tessaoua","population":8495058,"area":52562.14},
{"name":"Muang Phôn-Hông","population":2772593,"area":73827.88},
{"name":"Jaboticabal","population":1637655,"area":58871.77},
{"name":"Al Khafsah","population":1045118,"area":93569.56},
{"name":"Seč","population":9409294,"area":48995.01},
{"name":"Bukui","population":7411604,"area":40633.63},
{"name":"Liuqiao","population":4536468,"area":37593.47},
{"name":"Gibbons","population":2586550,"area":34726.15},
{"name":"San Miguel","population":5519951,"area":33368.78},
{"name":"Zhoutou","population":9648474,"area":84461.61},
{"name":"Vaiusu","population":8062918,"area":50305.47},
{"name":"Orion","population":186247,"area":25760.86},
{"name":"São Domingos de Rana","population":4410801,"area":85126.33},
{"name":"Kudinovo","population":4734799,"area":22382.24},
{"name":"Elassóna","population":2362987,"area":9128.8},
{"name":"Lolodorf","population":9117230,"area":49229.2},
{"name":"Malkā","population":8814654,"area":24534.65},
{"name":"Örebro","population":3357840,"area":50647.33},
{"name":"Bukuru","population":752740,"area":53720.18},
{"name":"Buyunshan","population":725994,"area":49056.33},
{"name":"Xincun","population":3183203,"area":20578.56},
{"name":"Yanwo","population":4790259,"area":48004.17},
{"name":"Svenljunga","population":6445513,"area":90923.18},
{"name":"Tartagal","population":8606059,"area":79634.08},
{"name":"Lopar","population":4382438,"area":65896.98},
{"name":"Bagroy","population":6160077,"area":87369.59},
{"name":"Uvarovo","population":4560349,"area":13700.34},
{"name":"Acopampa","population":6419760,"area":75655.11},
{"name":"Huamu","population":7258820,"area":96651.43},
{"name":"Nifuboko","population":7696794,"area":31148.83},
{"name":"Caofang","population":5838738,"area":30359.51},
{"name":"Yokohama","population":3509374,"area":24834.91},
{"name":"Nieuw Nickerie","population":6451753,"area":26300.82},
{"name":"Bakovci","population":528488,"area":51797.14},
{"name":"Qiryat Yam","population":1554653,"area":67776.12},
{"name":"Sapouy","population":5399619,"area":41950.32},
{"name":"Krasnodar","population":1783406,"area":69142.18},
{"name":"Soasio","population":7615450,"area":48183.24},
{"name":"Richmond","population":1657868,"area":26263.01},
{"name":"Bělá pod Bezdězem","population":1668011,"area":11211.07},
{"name":"Mazkeret Batya","population":8112856,"area":95127.16},
{"name":"Felgueiras","population":7166965,"area":19673.71},
{"name":"Anār","population":4360120,"area":1673.01},
{"name":"Paniqui","population":5560000,"area":54963.16},
{"name":"Yiánnouli","population":7496760,"area":45915.02},
{"name":"Sijunjung","population":7491353,"area":86514.67},
{"name":"Soledad","population":4335598,"area":84680.48},
{"name":"Makhalino","population":8803960,"area":69636.9},
{"name":"Mingzhong","population":5656448,"area":94109.63},
{"name":"Jedlińsk","population":8013565,"area":26233.61},
{"name":"Hörby","population":5998351,"area":82558.62},
{"name":"Changfa","population":4145759,"area":62924.72},
{"name":"Canaman","population":2780746,"area":43106.84},
{"name":"Arroyo Naranjo","population":5084248,"area":8094.73},
{"name":"Madīnat Ḩamad","population":7184605,"area":61985.08},
{"name":"Tauranga","population":172594,"area":62375.28},
{"name":"Evinayong","population":6139550,"area":74826.81},
{"name":"El Pardo","population":5963755,"area":59360.37},
{"name":"Manoc-Manoc","population":5367523,"area":17284.5},
{"name":"Būrabay","population":3482966,"area":48243.84},
{"name":"Jieshan","population":5750439,"area":5894.72},
{"name":"Chicago","population":1541086,"area":83780.33},
{"name":"Qiandian","population":1633438,"area":681.32},
{"name":"Uppsala","population":9961294,"area":93603.14},
{"name":"Viso","population":40590,"area":49319.1},
{"name":"Yelan’-Kolenovskiy","population":1345242,"area":959.45},
{"name":"Zhaozhen","population":217071,"area":71129.68},
{"name":"Fengyuan","population":4200718,"area":44434.67},
{"name":"Djounie","population":8864614,"area":60804.2},
{"name":"San Diego","population":4524825,"area":56388.82},
{"name":"Klishkivtsi","population":2132,"area":98741.92},
{"name":"Taojiahe","population":4827769,"area":5887.79},
{"name":"Port Saint John’s","population":8671872,"area":74231.9},
{"name":"Sindou","population":4636507,"area":94394.63},
{"name":"Padre Bernardo","population":5734298,"area":28492.34},
{"name":"Dajasongai","population":1668264,"area":53535.8},
{"name":"Potosí","population":5828211,"area":90829.02},
{"name":"Cigintung","population":8320056,"area":81110.04},
{"name":"Cabucgayan","population":1446317,"area":73129.71},
{"name":"Quiñota","population":505645,"area":62016.25},
{"name":"Oguta","population":1523999,"area":62027.13},
{"name":"Rancaseneng","population":6610554,"area":95786.93},
{"name":"Byczyna","population":7375253,"area":28436.15},
{"name":"Minas de Marcona","population":3428444,"area":26987.9},
{"name":"Santa Ana","population":5693097,"area":98636.1},
{"name":"Kitango","population":2082661,"area":93463.64},
{"name":"Donan","population":9568690,"area":5306.04},
{"name":"Kinkala","population":3491696,"area":7849.03},
{"name":"Fenchen","population":2202436,"area":71934.3},
{"name":"Beiyuan","population":5630213,"area":25497.91},
{"name":"Huanchaco","population":8154710,"area":42249.96},
{"name":"Shuvakish","population":7164851,"area":62618.58},
{"name":"Pochep","population":9812283,"area":89961.18},
{"name":"San Narciso","population":5263763,"area":12039.51},
{"name":"Chuarrancho","population":7102571,"area":39498.05},
{"name":"Houston","population":5030916,"area":10909.05},
{"name":"Prroshyan","population":2526917,"area":27492.02},
{"name":"Jugantang","population":8129466,"area":80728.42},
{"name":"Gaomiaoji","population":8310685,"area":94356.71},
{"name":"Kisasa","population":8535123,"area":16106.29},
{"name":"Chojna","population":3622221,"area":79509.12},
{"name":"Montfavet","population":9381350,"area":19669.92},
{"name":"Bang Pakong","population":3098645,"area":28108.25},
{"name":"Motong","population":5186881,"area":81964.03},
{"name":"São Luís do Quitunde","population":2555213,"area":43478.11},
{"name":"Dobre Miasto","population":1894170,"area":19881.99},
{"name":"Kampong Chhnang","population":1026069,"area":10829.96},
{"name":"Thika","population":7849616,"area":55673.39},
{"name":"Pudoc North","population":6533581,"area":85466.9},
{"name":"Shuya","population":4129882,"area":12107.29},
{"name":"Del Pilar","population":8130436,"area":92295.88},
{"name":"Mindupok","population":2881511,"area":77105.4},
{"name":"Hetou","population":9886066,"area":48521.41},
{"name":"Örnsköldsvik","population":1800520,"area":91891.47},
{"name":"Allen","population":4531612,"area":74073.9},
{"name":"Tallahassee","population":7707797,"area":49447.19},
{"name":"Conroe","population":575618,"area":38479.02},
{"name":"Beroroha","population":355996,"area":23840.94},
{"name":"Youlan","population":5133726,"area":90519.86},
{"name":"Suwaru","population":7583273,"area":77885.19},
{"name":"Beraim","population":5057811,"area":91171.3},
{"name":"Zhujiachang","population":8162113,"area":51611.81},
{"name":"Bayang","population":2077288,"area":45576.41},
{"name":"Sarāb","population":4361742,"area":67502.24},
{"name":"Vaitape","population":5071091,"area":91345.49},
{"name":"Mocoa","population":574184,"area":14685.54},
{"name":"Ust’-Labinsk","population":4516709,"area":90284.3},
{"name":"Mercedes","population":8188925,"area":58065.38},
{"name":"Zamarski","population":9607341,"area":99863.93},
{"name":"Jisegumen","population":5294612,"area":89683.59},
{"name":"Shah Alam","population":4312753,"area":99324.14},
{"name":"Järfälla","population":7759010,"area":13668.43},
{"name":"Loujiadian","population":5626392,"area":46582.29},
{"name":"Dijon","population":2699559,"area":77424.04},
{"name":"Niverville","population":4867915,"area":60856.71},
{"name":"Chilecito","population":8177959,"area":70843.9},
{"name":"Bol","population":3287470,"area":92694.58},
{"name":"Sirājganj","population":8689888,"area":60282.36},
{"name":"Topchikha","population":1829550,"area":15784.22},
{"name":"Bishan","population":7440069,"area":16045.97},
{"name":"Nsok","population":430703,"area":18235.98},
{"name":"Satuba","population":9290775,"area":42607.8},
{"name":"Kruty","population":3871110,"area":95228.0},
{"name":"Khatanga","population":3304987,"area":78188.39},
{"name":"Vannes","population":5845665,"area":63401.92},
{"name":"Puncaktugu","population":3978146,"area":3647.09},
{"name":"Gokwe","population":8500436,"area":84724.53},
{"name":"Gushan","population":7531469,"area":14325.44},
{"name":"Dul’durga","population":9325352,"area":46533.01},
{"name":"Gaopu","population":6804774,"area":47586.98},
{"name":"Paucar","population":5135240,"area":13737.26},
{"name":"Kraslice","population":2508552,"area":19469.48},
{"name":"Baluk","population":9416266,"area":9636.47},
{"name":"Jebba","population":3120344,"area":97372.82},
{"name":"Jingmen","population":7597707,"area":52635.26},
{"name":"Dalupirip","population":9819178,"area":55695.06},
{"name":"Changqiao","population":7502645,"area":12369.82},
{"name":"Suidong","population":9607004,"area":36964.1},
{"name":"Inta","population":8046288,"area":61670.37},
{"name":"Raglan","population":2577882,"area":18773.1},
{"name":"Yelan’-Kolenovskiy","population":7928181,"area":69647.54},
{"name":"Bolesławiec","population":4993275,"area":32459.37},
{"name":"Cigadog Hilir","population":2166469,"area":96566.4},
{"name":"Ban Chang","population":4647725,"area":99478.67},
{"name":"Puro Pinget","population":1002459,"area":405.92},
{"name":"Chafé","population":9585570,"area":94145.31},
{"name":"Krasnopillya","population":3260766,"area":62504.68},
{"name":"Luoyang","population":4815426,"area":72717.53},
{"name":"Sergio Osmeña Sr","population":2898752,"area":89557.76},
{"name":"Pingle","population":3396284,"area":71005.52},
{"name":"‘Izbat al Burj","population":5925207,"area":8289.49},
{"name":"Santa Eulalia","population":5823057,"area":50264.81},
{"name":"Zaoshi","population":7712751,"area":63756.15},
{"name":"Upig","population":8517541,"area":83716.82},
{"name":"Shreveport","population":2861030,"area":99777.68},
{"name":"Qiryat Motzkin","population":656587,"area":72754.98},
{"name":"Padre Nabeto","population":9770180,"area":29065.43},
{"name":"Valeirinha","population":706487,"area":56714.31},
{"name":"Nagiba","population":632743,"area":52646.97},
{"name":"Trompsburg","population":8413354,"area":85045.84},
{"name":"Vale de Touros","population":6959243,"area":728.92},
{"name":"Danderyd","population":3815742,"area":91252.93},
{"name":"San Pedro","population":181654,"area":46100.33},
{"name":"Vaitogi","population":5959118,"area":16460.03},
{"name":"Upernavik","population":4132909,"area":90425.68},
{"name":"Zhangjiayuan","population":938112,"area":65680.43},
{"name":"Montauban","population":1850552,"area":41191.4},
{"name":"Yangi-Nishon Shahri","population":400395,"area":13642.72},
{"name":"Oslo","population":5647711,"area":24739.49},
{"name":"Pedra","population":9424531,"area":82627.04},
{"name":"Tapan","population":9490937,"area":21014.84},
{"name":"Zigong","population":6593267,"area":17100.79},
{"name":"Zelenokumsk","population":9660440,"area":27637.65},
{"name":"Fuxi","population":5776312,"area":41530.87},
{"name":"Yekimovichi","population":8690986,"area":35473.57},
{"name":"Loikaw","population":5411492,"area":9314.13},
{"name":"Herāt","population":3812971,"area":74582.56},
{"name":"São José do Rio Preto","population":1984959,"area":50464.53},
{"name":"Vysoké nad Jizerou","population":1217800,"area":68477.73},
{"name":"Kuilehe","population":3739256,"area":60462.51},
{"name":"Buenavista","population":6780582,"area":62700.34},
{"name":"Tianchi","population":7266009,"area":45787.58},
{"name":"Solna","population":3402689,"area":92237.31},
{"name":"Bang Racham","population":67304,"area":80131.45},
{"name":"Lezhu","population":1430106,"area":93011.25},
{"name":"Piekielnik","population":5862307,"area":26650.57},
{"name":"Wenbi","population":9689579,"area":24287.61},
{"name":"Fontenay-sous-Bois","population":8618560,"area":44067.34},
{"name":"Ifanadiana","population":9739356,"area":18352.53},
{"name":"Wasquehal","population":9939689,"area":64875.21},
{"name":"Kampungladang","population":9052711,"area":32360.73},
{"name":"Bila Tserkva","population":1227045,"area":39830.06},
{"name":"Lamawalang","population":5388588,"area":32296.08},
{"name":"Noupoort","population":9621956,"area":86627.99},
{"name":"Rongdoi","population":5058151,"area":2209.23},
{"name":"Pingshan","population":6264749,"area":97026.14},
{"name":"Pasatan","population":7697382,"area":84275.23},
{"name":"Altkirch","population":7030119,"area":97497.19},
{"name":"Taunan","population":2386226,"area":41734.13},
{"name":"Piet Retief","population":7687625,"area":64711.42},
{"name":"Bieqiao","population":1032653,"area":8993.12},
{"name":"Tanda","population":8528138,"area":16865.95},
{"name":"Yingzai","population":5302828,"area":64622.15},
{"name":"Dubno","population":7784795,"area":58259.23},
{"name":"Lençóis Paulista","population":5908277,"area":56610.69},
{"name":"Vale de São Cosme","population":5355922,"area":23425.12},
{"name":"Kermānshāh","population":5763118,"area":88066.78},
{"name":"Zarzis","population":9950414,"area":56699.21},
{"name":"Luangwa","population":8640055,"area":72373.37},
{"name":"Pakusari","population":6571909,"area":88629.94},
{"name":"Rače","population":7149576,"area":3372.26},
{"name":"Forquilhinha","population":4893252,"area":80993.71},
{"name":"Norakert","population":9509997,"area":73508.33},
{"name":"Abraham’s Bay","population":2113798,"area":15094.47},
{"name":"Carregal","population":6930273,"area":16526.48},
{"name":"Riachão do Jacuípe","population":8680482,"area":60517.51},
{"name":"Sinisian","population":2733389,"area":3284.14},
{"name":"Thị Trấn Yên Ninh","population":1848664,"area":260.62},
{"name":"Sovetakan","population":1932315,"area":71598.93},
{"name":"Kedungsumurkrajan","population":1900860,"area":3791.69},
{"name":"Rey","population":6317363,"area":6110.62},
{"name":"Cordeirópolis","population":7895611,"area":30755.52},
{"name":"Puerto Montt","population":3040208,"area":86619.64},
{"name":"Cileunyi","population":8024411,"area":32461.67},
{"name":"Santo Domingo","population":2968323,"area":77332.53},
{"name":"Biggar","population":2619892,"area":70227.51},
{"name":"Changning","population":5488513,"area":69690.12},
{"name":"Wuluquele","population":1385860,"area":44032.08},
{"name":"Baicaogou","population":669003,"area":93325.87},
{"name":"Uzyn","population":4500402,"area":18435.95},
{"name":"Criuleni","population":8560600,"area":32404.28},
{"name":"Biały Bór","population":6114986,"area":72135.47},
{"name":"Hidalgo","population":6285931,"area":66802.46},
{"name":"Ningshan Chengguanzhen","population":4261860,"area":80938.46},
{"name":"Qiaosi","population":9078209,"area":70384.84},
{"name":"Savannah","population":2732874,"area":34066.34},
{"name":"Dingzhai","population":7189112,"area":60286.7},
{"name":"Zhangfang","population":8691954,"area":68014.8},
{"name":"Asan","population":7965181,"area":65016.24},
{"name":"Vardablur","population":1501527,"area":21716.45},
{"name":"Álvares Machado","population":5069005,"area":6210.61},
{"name":"Arvika","population":2125680,"area":84151.07},
{"name":"Aozai","population":4719098,"area":96784.9},
{"name":"Portorož","population":9598674,"area":94972.33},
{"name":"Purwosari","population":2867910,"area":77913.85},
{"name":"Dioila","population":3085007,"area":86718.76},
{"name":"Figueira","population":6212856,"area":10021.19},
{"name":"Las Palmas","population":6269625,"area":72246.97},
{"name":"San Andres","population":775485,"area":69132.44},
{"name":"Jieshou","population":1625138,"area":13114.54},
{"name":"Batawa","population":6318542,"area":67229.2},
{"name":"Cauto Cristo","population":4088540,"area":28298.94},
{"name":"Tuusniemi","population":5636785,"area":15738.25},
{"name":"Bi’r al ‘Abd","population":7661411,"area":44220.46},
{"name":"Gununganyar","population":7748180,"area":92520.42},
{"name":"Xinxu","population":288177,"area":46262.44},
{"name":"Marly","population":7311151,"area":5962.92},
{"name":"Toužim","population":9922003,"area":81818.36},
{"name":"Karangpeton","population":5677317,"area":27088.07},
{"name":"Tarragona","population":6642013,"area":64525.23},
{"name":"Kota Kinabalu","population":9348523,"area":40889.03},
{"name":"Pyhäselkä","population":8265731,"area":82473.91},
{"name":"Vlasenica","population":4640926,"area":69072.23},
{"name":"Hutang","population":9621716,"area":95509.18},
{"name":"Sungairaya","population":3233304,"area":73368.15},
{"name":"Severo-Zadonsk","population":3179105,"area":74898.59},
{"name":"Järfälla","population":3734061,"area":79284.41},
{"name":"La Falda","population":2515482,"area":97623.94},
{"name":"Miandrarivo","population":9024683,"area":39113.92},
{"name":"Sơn Hà","population":7462299,"area":77583.32},
{"name":"Črenšovci","population":7482998,"area":7623.82},
{"name":"Örnsköldsvik","population":4759713,"area":34113.87},
{"name":"Pojok","population":5226916,"area":70733.49},
{"name":"Baharly","population":9648426,"area":39057.08},
{"name":"Frederico Westphalen","population":4366397,"area":30004.62},
{"name":"Colonia Aurora","population":9799165,"area":33709.86},
{"name":"James Craik","population":7962690,"area":39823.09},
{"name":"Zhouling","population":1177044,"area":21.54},
{"name":"Thành Phố Bà Rịa","population":9407783,"area":43526.43},
{"name":"Gafanha da Encarnação","population":2939812,"area":47492.52},
{"name":"Ust’-Kut","population":9790316,"area":45741.36},
{"name":"Nunbaundelha","population":7132742,"area":91805.7},
{"name":"Prochowice","population":3992940,"area":88745.47},
{"name":"Cipatujah","population":8815545,"area":98149.82},
{"name":"Cidadap","population":4553019,"area":7151.27},
{"name":"Al Wajh","population":8967316,"area":29728.95},
{"name":"La Guacamaya","population":9365261,"area":48450.42},
{"name":"Benito Juarez","population":2271027,"area":39727.09},
{"name":"Wetzlar","population":5468371,"area":70203.79},
{"name":"Buôn Ma Thuột","population":2579022,"area":99941.89},
{"name":"Lianshi","population":15606,"area":20274.78},
{"name":"Yuexi","population":1250730,"area":20645.9},
{"name":"Dhī as Sufāl","population":2169076,"area":32409.6},
{"name":"Oju","population":343244,"area":48426.82},
{"name":"Gastello","population":4300828,"area":57818.99},
{"name":"Salamwates","population":4891242,"area":16556.59},
{"name":"Béreldange","population":5442558,"area":17818.64},
{"name":"Yuanjiazhuang","population":4865455,"area":82734.44},
{"name":"Monaragala","population":5393354,"area":72405.63},
{"name":"Asan-Maina Village","population":1789345,"area":44830.51},
{"name":"Hậu Nghĩa","population":6272768,"area":56012.67},
{"name":"Changwon","population":9437546,"area":78061.06},
{"name":"Xinzheng","population":393352,"area":91507.7},
{"name":"Galapa","population":94375,"area":73891.73},
{"name":"Selopuro","population":1874900,"area":30625.77},
{"name":"Parelhas","population":6253787,"area":99899.26},
{"name":"Taoyao","population":3057598,"area":30019.9},
{"name":"L-Iklin","population":4038640,"area":90345.6},
{"name":"Brejoeira","population":5335761,"area":85752.24},
{"name":"Parravak’ar","population":7360033,"area":95396.4},
{"name":"Ryki","population":1053409,"area":95482.43},
{"name":"Moerewa","population":7936426,"area":57173.29},
{"name":"Quzi","population":3117930,"area":50873.89},
{"name":"Rathdrum","population":8111744,"area":77289.27},
{"name":"Azul","population":390120,"area":24875.26},
{"name":"Tongtuan","population":7986688,"area":64846.76},
{"name":"San Pedro","population":2387830,"area":18075.41},
{"name":"Naukšēni","population":4596578,"area":58144.97},
{"name":"La Esperanza","population":7794957,"area":35088.95},
{"name":"Hexiangqiao","population":2250052,"area":40697.6},
{"name":"Arsenal","population":3050374,"area":92251.25},
{"name":"Tivat","population":84087,"area":97153.59},
{"name":"Tarauacá","population":7795621,"area":6137.19},
{"name":"Woha","population":727353,"area":89291.02},
{"name":"Khlong Yai","population":8042701,"area":16206.54},
{"name":"Figueira","population":3415518,"area":38179.29},
{"name":"Skrwilno","population":8176093,"area":30045.33},
{"name":"Argivai","population":8194475,"area":61034.54},
{"name":"Montbrison","population":7888833,"area":18896.3},
{"name":"Vĩnh Tường","population":8431186,"area":98785.59},
{"name":"Wobulenzi","population":5819038,"area":96918.9},
{"name":"Qaxbaş","population":6792113,"area":40292.26},
{"name":"Beaufort","population":3010349,"area":69091.08},
{"name":"Quisao","population":9656494,"area":79049.56},
{"name":"Syntul","population":8052485,"area":20067.61},
{"name":"Bystřany","population":6331625,"area":7113.78},
{"name":"Pangkungparuk","population":8619301,"area":54158.05},
{"name":"Xiaomenjia","population":848046,"area":30564.78},
{"name":"Novotitarovskaya","population":7948147,"area":57616.86},
{"name":"Carmen","population":622140,"area":61266.62},
{"name":"Hantang","population":9276898,"area":27746.76},
{"name":"Desa Wetan Ciakar","population":8239713,"area":39007.76},
{"name":"Lodwar","population":718903,"area":49295.47},
{"name":"Xiayunling","population":1988133,"area":2498.79},
{"name":"Meishan","population":7464561,"area":31434.77},
{"name":"Etten-Leur","population":6495309,"area":47722.73},
{"name":"Kargasok","population":1860196,"area":15812.66},
{"name":"Otse","population":895786,"area":62324.24},
{"name":"Pinellas Park","population":8441575,"area":33701.38},
{"name":"Agarsin","population":3815085,"area":80852.16},
{"name":"Montélimar","population":7791700,"area":19239.23},
{"name":"Żabieniec","population":5712078,"area":94911.14},
{"name":"Hennenman","population":3105671,"area":18490.4},
{"name":"Wufeng","population":3291900,"area":29572.03},
{"name":"Bolekhiv","population":8183700,"area":72090.07},
{"name":"Mont-Saint-Hilaire","population":6259439,"area":36133.28},
{"name":"San Francisco","population":9304846,"area":18799.88},
{"name":"Brovary","population":3010448,"area":20848.87},
{"name":"Dhromolaxia","population":1230843,"area":77346.88},
{"name":"Burevestnik","population":8684033,"area":60185.85},
{"name":"Baru","population":3415734,"area":13249.02},
{"name":"Ede","population":360007,"area":22962.05},
{"name":"Ribeirão Preto","population":1466516,"area":88971.09},
{"name":"Aurora","population":6215252,"area":76840.3},
{"name":"Valdivia","population":2250696,"area":72173.32},
{"name":"Wenping","population":6629438,"area":17506.92},
{"name":"Linköping","population":1009220,"area":69515.22},
{"name":"Uryupinsk","population":6984890,"area":37064.2},
{"name":"Xinxu","population":2140082,"area":41960.63},
{"name":"San Rafael","population":3975432,"area":64526.45},
{"name":"Il’ka","population":4500245,"area":65526.38},
{"name":"Cimo de Vila","population":5571499,"area":6294.78},
{"name":"Zhaowanzhuang","population":8192410,"area":35536.95},
{"name":"Bardīyah","population":9948554,"area":54333.95},
{"name":"Adassil","population":253157,"area":29181.81},
{"name":"Zhatay","population":4400610,"area":11660.38},
{"name":"Puck","population":1932880,"area":68878.78},
{"name":"Limbo","population":385377,"area":11448.93},
{"name":"Balong","population":1537138,"area":95992.38},
{"name":"Białobrzegi","population":5231498,"area":34272.23},
{"name":"Kochenëvo","population":6496447,"area":84348.14},
{"name":"Kimovsk","population":5795302,"area":57267.74},
{"name":"Hengtang","population":1668795,"area":18837.94},
{"name":"Mata-Utu","population":7075328,"area":20142.13},
{"name":"Mambulo","population":8172358,"area":84914.8},
{"name":"Mayskiy","population":1232864,"area":79124.53},
{"name":"Américo Brasiliense","population":7458520,"area":50557.75},
{"name":"Bulihan","population":5111108,"area":7879.18},
{"name":"Avanca","population":3743671,"area":32991.31},
{"name":"Horad Pinsk","population":76381,"area":47981.24},
{"name":"Jingkou","population":1203827,"area":76131.14},
{"name":"Wonotirto","population":9257417,"area":32097.27},
{"name":"Unawatuna","population":6535585,"area":59540.41},
{"name":"Teeli","population":6039974,"area":2250.45},
{"name":"Boyang","population":972620,"area":10004.24},
{"name":"Banjar Dharmasemedi","population":9713360,"area":30005.09},
{"name":"Cà Mau","population":1171182,"area":74910.35},
{"name":"Nicasio","population":7796716,"area":89592.46}]}